#property,latitude,longitude,name,address,telephoneNumber,referenceObject,note,availableDate,startTime,endTime,availableDateNote
1,34.33040083,134.05183528,地域包括支援センター（高松市保健センター１階）,高松市桜町一丁目9-12,087-839-2811,https://www.city.takamatsu.kagawa.jp/kurashi/kurashi/shisetsu/shisetsu/hokatsu.html,,月火水木金,08:30,17:00,国民の祝日に関する法律に規定する休日及び年末年始（12月29日から翌年の1月3日）は終日利用不可。
2,34.28427209709954,134.04093382459948,地域包括支援センターサブセンター仏生山（仏生山交流センター1階）,高松市仏生山町甲218-1,087-889-7788,https://www.city.takamatsu.kagawa.jp/kurashi/kurashi/shisetsu/shisetsu/hokatsu.html,,月火水木金,08:30,17:00,国民の祝日に関する法律に規定する休日及び年末年始（12月29日から翌年の1月3日）は終日利用不可。
4,34.27597056,134.08559472,地域包括支援センターサブセンター山田（山田支所南側）,高松市川島本町191-13,087-848-6451,https://www.city.takamatsu.kagawa.jp/kurashi/kurashi/shisetsu/shisetsu/hokatsu.html,,月火水木金,08:30,17:00,国民の祝日に関する法律に規定する休日及び年末年始（12月29日から翌年の1月3日）は終日利用不可。
5,34.34211111,134.00072806,地域包括支援センターサブセンター勝賀（ふれあい福祉センター勝賀内）,高松市香西南町476-1,087-882-7401,https://www.city.takamatsu.kagawa.jp/kurashi/kurashi/shisetsu/shisetsu/hokatsu.html,,月火水木金,08:30,17:00,国民の祝日に関する法律に規定する休日及び年末年始（12月29日から翌年の1月3日）は終日利用不可。
6,34.24136389,134.03400861,地域包括支援センターサブセンター香川（香川総合センター内）,高松市香川町川東上1865-13,087-879-0991,https://www.city.takamatsu.kagawa.jp/kurashi/kurashi/shisetsu/shisetsu/hokatsu.html,,月火水木金,08:30,17:00,国民の祝日に関する法律に規定する休日及び年末年始（12月29日から翌年の1月3日）は終日利用不可。
7,34.33796833,134.13929611,地域包括支援センターサブセンター牟礼（牟礼総合センター２階）,高松市牟礼町牟礼302-1,087-845-5711,https://www.city.takamatsu.kagawa.jp/kurashi/kurashi/shisetsu/shisetsu/hokatsu.html,,月火水木金,08:30,17:00,国民の祝日に関する法律に規定する休日及び年末年始（12月29日から翌年の1月3日）は終日利用不可。
8,34.29721,133.96026083,地域包括支援センターサブセンター国分寺（国分寺総合センター内）,高松市国分寺町新居1298,087-874-8961,https://www.city.takamatsu.kagawa.jp/kurashi/kurashi/shisetsu/shisetsu/hokatsu.html,,月火水木金,08:30,17:00,国民の祝日に関する法律に規定する休日及び年末年始（12月29日から翌年の1月3日）は終日利用不可。
