#property,latitude,longitude,name,address,telephoneNumber,referenceObject,note,availableDate,startTime,endTime,availableDateNote
1,34.25646556,134.03564917,浅野児童館,高松市香川町浅野826-8,087-888-2746,http://www.city.takamatsu.kagawa.jp/kurashi/kurashi/shisetsu/jidoukan/index.html,,月火水木金土,09:30,18:00,祝日、12/29～1/3は終日利用不可
2,34.23880083,134.03429694,川東児童館,高松市香川町川東上1747-6,087-879-6638,http://www.city.takamatsu.kagawa.jp/kurashi/kurashi/shisetsu/jidoukan/index.html,,月火水木金土,09:30,18:00,祝日、12/29～1/3は終日利用不可
3,34.24158528,134.00773583,ししまる館,高松市香南町横井857-1,087-879-0321,http://www.city.takamatsu.kagawa.jp/kurashi/kurashi/shisetsu/jidoukan/index.html,,月火水木金土,09:30,18:00,祝日、12/29～1/3は終日利用不可
4,34.3078825,133.97195139,新居東児童館,高松市国分寺町新居3371-1,087-874-6705,http://www.city.takamatsu.kagawa.jp/kurashi/kurashi/shisetsu/jidoukan/index.html,,月火水木金土,09:30,18:00,祝日、12/29～1/3は終日利用不可
5,34.30286583,133.94651444,国分児童館,高松市国分寺町国分2150-7,087-874-3830,http://www.city.takamatsu.kagawa.jp/kurashi/kurashi/shisetsu/jidoukan/index.html,,月火水木金土,09:30,18:00,祝日、12/29～1/3は終日利用不可
6,34.27417667,133.97278056,福家児童館,高松市国分寺町福家甲1951-1,087-874-4954,http://www.city.takamatsu.kagawa.jp/kurashi/kurashi/shisetsu/jidoukan/index.html,,月火水木金土,09:30,18:00,祝日、12/29～1/3は終日利用不可
7,34.28514278,133.94747694,新名・柏原児童館,高松市国分寺町柏原613-1,087-874-2985,http://www.city.takamatsu.kagawa.jp/kurashi/kurashi/shisetsu/jidoukan/index.html,,月火水木金土,09:30,18:00,祝日、12/29～1/3は終日利用不可
8,34.21229528,134.01709194,さぬきこどもの国,高松市香南町由佐3209,087-879-0500,https://www.sanuki.or.jp/,,火水木金土日,09:00,17:00,12/30～1/1は終日利用不可
9,34.33998,134.05955,高松市こども未来館,高松市松島町一丁目１５番１号,087-839-2571,https://takamatsu-miraie.com,,月水木金土日,09:00,21:00,日曜・祝日は17:00まで
