"#property","latitude","longitude","name","address","installationPosition","telephoneNumber","availableDate","startTime","endTime","availableDateNote","equipmentForChildren"
"1","34.34092056","134.0452297","健康増進施設サラマンダー","高松市番町１丁目１０−１６ 財団法人 三宅医学研究所 セントラルパーククリニック","セントラルクリニック　２階  セントラルクリニック　４階",,,,,,
"2","34.35215833","134.0481344","JRホテルクレメント高松","高松市浜ノ町1-1","１階ロビー",,,,,,
"3","34.25197","133.9301869","イオン綾川ショッピングセンター","綾歌郡綾川町萱原822-1","1・2・3階各モール側・ジャスコサービスセンター・ジャスコ防災センター",,,,,,
"4","34.350725","134.0447294","コナミスポーツクラブ高松","高松市浜ノ町8-52","マシンジム入口",,,,,,
"5","34.33277167","134.0466464","株式会社穴吹工務店","高松市藤塚町1丁目11-22","１階　エントランス",,,,,,
"6","34.34187056","134.0507847","高松ワシントンホテルプラザ","高松市瓦町1丁目2-3","２階　フロントカウンター",,,,,,
"7","34.33888667","134.0525983","コトデン瓦町駅","高松市常磐町1丁目3-1","瓦町駅改札口",,,,,,
"8","34.33581306","134.0463936","東横イン高松中新町","高松市中央町11-5","１階　ロビー",,,,,,
"9","34.35196583","134.0042439","イオン高松ショッピングセンター","高松市香西本町1-1","ジャスコ棟１階サービスカウンター・  モール棟１階インフォメーション・  １階防災センター",,,,,,
"10","34.31664056","134.0418044","ゆめタウン高松","高松市三条町６０８‐１","１階　中央サービスカウンター横",,,,,,
"11","34.35075","134.0468208","四国旅客鉄道株式会社　高松駅","高松市浜ノ町１-２０","駅内コンコース",,,,,,
"12","34.339207","134.04569","社団法人高松市医師会","高松市天神前4-14","会長室",,,,,,
"13","34.31181861","134.0538936","大和ハウス工業株式会社香川支店","高松市伏石町2089-1","１階　玄関",,,,,,
"14","34.29968111","133.9561897","社団法人香川県看護協会","高松市国分寺町国分152-4","看護研修センター　２階の事務室入口",,,,,,
"15","34.30534444","134.0557492","在宅ケアステーションみちしるべ","高松市太田下町3026-3","１階デイルーム　救急カート内",,,,,,
"16","34.346545","134.0481597","東横イン　高松兵庫町","高松市兵庫町３-１","ホテル１階ロビー",,,,,,
"17","34.344454","134.050378","高松丸亀町商店街振興組合　参番街東館","高松市丸亀町13-3","参番街東館1階",,,,,,
"18","34.34545306","134.04881","リーガホテルゼスト高松株式会社","高松市古新町9-1","１階　フロント",,,,,,
"19","34.33622806","134.1044189","株式会社　ユーミック","高松市新田町甲91-1","玄関",,,,,,
"20","34.33354","134.15733","高松市道の駅源平の里むれ","高松市牟礼町原631-7　","物産棟（自販機内）","087-845-6080","月水木金土日","9:00","17:00","第１・第３火曜日除く、12/31は9:00～15:00",
"21","34.343061","134.050127","高松丸亀町商店街振興組合　岩佐佛喜堂","高松市丸亀町10-3","丸亀町10?3　岩佐佛喜堂内",,,,,,
"22","34.30703333","134.0726922","ザ・ココナツウエルネスクラブ高松","高松市林町2018-1","１階　ラウンジ",,,,,,
"23","34.33692667","134.0472794","大和リース株式会社高松支店","高松市中新町11-1","アクア中新町ビル８階事務所内",,,,,,
"24","34.31444028","134.0402975","フィットネスクラブレフコゆめタウン高松店","高松市上天神町266","１階フロント前",,,,,,
"25","34.33725333","133.9967283","大東産業株式会社","高松市香西南町102-4","２階　事務所",,,,,,
"26","34.26951667","134.1274331","ジャパンスイミングスクール　三木校","木田郡三木町田中109-1","館内２階レストルーム",,,,,,
"27","34.35457139","134.0247894","ジャパンスイミングスクール　高松校","高松市新北町28-12","館内２階",,,,,,
"28","34.31286889","134.0738975","瀬戸内スイミングスクール　木太校","高松市木太町546","コーチ室",,,,,,
"29","34.33887472","134.0962392","瀬戸内スイミングスクール　屋島校","高松市屋島西町2020","コーチ室",,,,,,
"30","34.26323194","134.0312611","瀬戸内スイミングスクール　香川校","高松市香川町大野170-5","コーチ室",,,,,,
"31","34.64686","134.08506","旧高松テルサ","高松市屋島西町2366-3　","ロビー","087-844-3511","月火水木金土日","9:00","22:00","12/29～1/3及び臨時休業日を除く",
"32","34.33439222","134.0919136","四国コカ・コーラボトリング株式","高松市春日町1378","本館　談話室",,,,,,
"33","34.33523917","134.0947614","屋島自動車学校","高松市春日町1304-3","校舎　２階ロビー",,,,,,
"34","34.27183389","134.1095775","フジグラン十川","高松市十川東町55-1","食料品館ＡＴＭコーナー横",,,,,,
"35","34.34730028","134.0415381","日通商事株式会社高松支店","高松市錦町二丁目6-3","正面玄関入口",,,,,,
"36","34.33266722","134.0995028","（株）タダノ","高松市新田町甲34","工場内１１棟南・南館２階",,,,,,
"37","34.29244889","134.0667317","株式会社　サニクリーン四国高松支店","高松市上林町500-3","受付カウンター",,,,,,
"38","34.3031175","134.0841969","四国警備保障株式会社","高松市六条町1197-1","正面入口カウンター上・右側",,,,,,
"39","34.33979639","134.0673694","ロイヤルケア高松アネックス","高松市福岡町四丁目28-17","１階ロビー",,,,,,
"40","34.33985194","134.0680942","ロイヤルケア高松","高松市福岡町四丁目28-27","１階ロビー",,,,,,
"41","34.20474","134.06172","高松市東谷コミュニティセンター","高松市香川町東谷873-3","センター入口（正面右側）","087-879-7997","月火水木金土日","9:00","21:00","日曜日は9：00～17：00、8/13～8/15、12/29～1/3を除く","有"
"42","34.24134","134.03446","高松市川東コミュニティセンター","高松市香川町川東上1865-13","正面右側","087-879-4215","月火水木金土日","9:00","21:00","日曜日は9：00～17：00、8/13～8/15、12/29～1/3を除く","有"
"43","34.32729","133.99312","高松市鬼無コミュニティセンター","高松市鬼無町佐藤31-3","センター入口（正面右側）","087-882-0875","月火水木金土日","9:00","21:00","日曜日は9：00～17：00、8/13～8/15、12/29～1/3を除く","有"
"44","34.25677","134.03571","高松市浅野コミュニティセンター","高松市香川町浅野826-2","１階玄関ホール（正面右側靴箱の上）","087-888-2537","月火水木金土日","9:00","21:00","日曜日は9：00～17：00、8/13～8/15、12/29～1/3を除く","有"
"45","34.30550","133.99238","高松市国分寺北部コミュニティセンター","高松市国分寺町新居1840-6","センター玄関内（正面左側）","087-874-5805","月火水木金土日","9:00","21:00","日曜日は9：00～17：00、8/13～8/15、12/29～1/3を除く","有"
"46","34.16251667","134.0761547","ホテルセカンドステージ","高松市塩江町上西乙1118-8","ホテル　ロビー",,,,,,
"47","34.17026889","134.0820194","湯遊しおのえ","高松市塩江町安原上東390-1","観光物産センターしおのえ南入口",,,,,,
"48","34.31959","134.05399","高松市太田コミュニティセンター","高松市伏石町2016-37","正面入口","087-867-1139","月火水木金土日","9:00","21:00","日曜日は9：00～17：00、8/13～8/15、12/29～1/3を除く","有"
"49","34.34041","134.06513","高松市松島コミュニティセンター","高松市松福町二丁目15-24","階段上り口左側","087-821-0435","月火水木金土日","9:00","21:00","日曜日は9：00～17：00、8/13～8/15、12/29～1/3を除く","有"
"50","34.33634","134.05683","高松市花園コミュニティセンター","高松市観光通二丁目8-9","２階入口","087-835-5398","月火水木金土日","9:00","21:00","日曜日は9：00～17：00、8/13～8/15、12/29～1/3を除く","有"
"51","34.34138","134.05688","高松市築地コミュニティセンター","高松市築地町14-1","正面左側","087-862-1166","月火水木金土日","9:00","21:00","日曜日は9：00～17：00、8/13～8/15、12/29～1/3を除く","有"
"52","34.34769","134.05602","高松市新塩屋町コミュニティセンター","高松市城東町一丁目1-47","正面入口","087-822-1066","月火水木金土日","9:00","21:00","日曜日は9：00～17：00、8/13～8/15、12/29～1/3を除く","有"
"53","34.34372","134.04501","高松市四番丁コミュニティセンター","高松市番町二丁目3-5","正面入口","087-851-8479","月火水木金土日","9:00","21:00","日曜日は9：00～17：00、8/13～8/15、12/29～1/3を除く","有"
"54","34.34476","134.03652","高松市二番丁コミュニティセンター","高松市扇町二丁目8-7","正面入口","087-822-3556","月火水木金土日","9:00","21:00","日曜日は9：00～17：00、8/13～8/15、12/29～1/3を除く","有"
"55","34.34781","134.03246","高松市日新コミュニティセンター","高松市瀬戸内町22-9","階段踊り場","087-834-9911","月火水木金土日","9:00","21:00","日曜日は9：00～17：00、8/13～8/15、12/29～1/3を除く","有"
"56","34.33982","134.03527","高松市亀阜コミュニティセンター","高松市宮脇町一丁目6-18","正面入口","087-834-0797","月火水木金土日","9:00","21:00","日曜日は9：00～17：00、8/13～8/15、12/29～1/3を除く","有"
"57","34.32911","134.04827","高松市栗林コミュニティセンター","高松市栗林町三丁目2-12","階段踊り場","087-835-5399","月火水木金土日","9:00","21:00","日曜日は9：00～17：00、8/13～8/15、12/29～1/3を除く","有"
"58","34.31406","134.03006","高松市鶴尾コミュニティセンター","高松市田村町303-1","正面入口","087-866-3176","月火水木金土日","9:00","21:00","日曜日は9：00～17：00、8/13～8/15、12/29～1/3を除く","有"
"59","34.31404","134.06415","高松市太田中央コミュニティセンター","高松市松縄町1108-1","正面左側（靴箱の上）","087-867-3396","月火水木金土日","9:00","21:00","日曜日は9：00～17：00、8/13～8/15、12/29～1/3を除く","有"
"60","34.30209","134.04119","高松市太田南コミュニティセンター","高松市太田上町1045-2　","正面左側","087-865-9947","月火水木金土日","9:00","21:00","日曜日は9：00～17：00、8/13～8/15、12/29～1/3を除く","有"
"61","34.32645","134.07659","高松市木太コミュニティセンター","高松市木太町3480-2","１階エレベータの右側","087-834-5547","月火水木金土日","9:00","21:00","日曜日は9：00～17：00、8/13～8/15、12/29～1/3を除く","有"
"62","34.31947","134.07620","高松市木太南コミュニティセンター","高松市木太町1486","正面突き当たりトイレ入口周辺","087-865-4273","月火水木金土日","9:00","21:00","日曜日は9：00～17：00、8/13～8/15、12/29～1/3を除く","有"
"63","34.33581","134.07952","高松市木太北部コミュニティセンター","高松市木太町2603","正面右側","087-831-9000","月火水木金土日","9:00","21:00","日曜日は9：00～17：00、8/13～8/15、12/29～1/3を除く","有"
"64","34.34394","134.10123","高松市屋島コミュニティセンター","高松市屋島中町449-1","正面下駄箱横","087-841-6927","月火水木金土日","9:00","21:00","日曜日は9：00～17：00、8/13～8/15、12/29～1/3を除く","有"
"65","34.35245","134.08920","高松市屋島西コミュニティセンター","高松市屋島西町2483-2","正面突き当たりトイレ入口周辺","087-843-2961","月火水木金土日","9:00","21:00","日曜日は9：00～17：00、8/13～8/15、12/29～1/3を除く","有"
"66","34.35513","134.11586","高松市屋島東コミュニティセンター","高松市屋島東町928","正面入口","087-841-9931","月火水木金土日","9:00","21:00","日曜日は9：00～17：00、8/13～8/15、12/29～1/3を除く","有"
"67","34.33585","134.10737","高松市古高松コミュニティセンター","高松市高松町10-20","正面突き当たりの右側（コミセン事務所周辺）","087-841-6262","月火水木金土日","9:00","21:00","日曜日は9：00～17：00、8/13～8/15、12/29～1/3を除く","有"
"68","34.32719","134.09179","高松市古高松南コミュニティセンター","高松市春日町782-2","正面右側","087-841-2186","月火水木金土日","9:00","21:00","日曜日は9：00～17：00、8/13～8/15、12/29～1/3を除く","有"
"69","34.29688","134.11259","高松市前田コミュニティセンター","高松市前田東町838","正面入口","087-847-6168","月火水木金土日","9:00","21:00","日曜日は9：00～17：00、8/13～8/15、12/29～1/3を除く",
"70","34.30716","134.08943","高松市川添コミュニティセンター","高松市元山町136-4","正面入口","087-847-5979","月火水木金土日","9:00","21:00","日曜日は9：00～17：00、8/13～8/15、12/29～1/3を除く","有"
"71","34.30171","134.07521","高松市林コミュニティセンター","高松市林町329-1","正面入口","087-866-3405","月火水木金土日","9:00","21:00","日曜日は9：00～17：00、8/13～8/15、12/29～1/3を除く","有"
"72","34.27793","134.06976","高松市三谷コミュニティセンター","高松市三谷町1201-1","正面右側","087-889-4938","月火水木金土日","9:00","21:00","日曜日は9：00～17：00、8/13～8/15、12/29～1/3を除く","有"
"73","34.27872","134.04800","高松市仏生山コミュニティセンター","高松市仏生山町乙45-4","正面右側","087-889-4955","月火水木金土日","9:00","21:00","日曜日は9：00～17：00、8/13～8/15、12/29～1/3を除く","有"
"74","34.29065","134.05144","高松市多肥コミュニティセンター","高松市多肥上町433-5","正面右側階段の上り口","087-889-4956","月火水木金土日","9:00","21:00","日曜日は9：00～17：00、8/13～8/15、12/29～1/3を除く","有"
"75","34.29092","134.02984","高松市一宮コミュニティセンター","高松市一宮町838-1","正面入口","087-886-4793","月火水木金土日","9:00","21:00","日曜日は9：00～17：00、8/13～8/15、12/29～1/3を除く","有"
"76","34.26958","134.01007","高松市川岡コミュニティセンター","高松市川部町486-3","正面左側","087-886-4963","月火水木金土日","9:00","21:00","日曜日は9：00～17：00、8/13～8/15、12/29～1/3を除く","有"
"77","34.28557","134.00544","高松市円座コミュニティセンター","高松市円座町1622-1","正面右側","087-886-4993","月火水木金土日","9:00","21:00","日曜日は9：00～17：00、8/13～8/15、12/29～1/3を除く","有"
"78","34.34120","133.99472","高松市檀紙コミュニティセンター","高松市御厩町775-1","正面突き当たり階段の左側","087-886-4955","月火水木金土日","9:00","21:00","日曜日は9：00～17：00、8/13～8/15、12/29～1/3を除く","有"
"79","34.32901","134.00589","高松市弦打コミュニティセンター","高松市鶴市町356-3","正面右側","087-882-0285","月火水木金土日","9:00","21:00","日曜日は9：00～17：00、8/13～8/15、12/29～1/3を除く","有"
"80","34.34718","133.99627","高松市香西コミュニティセンター","高松市香西本町476-1","正面左側","087-882-0294","月火水木金土日","9:00","21:00","日曜日は9：00～17：00、8/13～8/15、12/29～1/3を除く",
"81","34.35896","133.96896","高松市下笠居コミュニティセンター","高松市生島町353-１","正面入口","087-882-0856","月火水木金土日","9:00","21:00","日曜日は9：00～17：00、8/13～8/15、12/29～1/3を除く",
"82","34.39229","134.05167","高松市女木コミュニティセンター","高松市女木町203-1","正面突き当たり階段近く","087-873-0105","月火水木金土日","9:00","21:00","日曜日は9：00～17：00、8/13～8/15、12/29～1/3を除く","有"
"83","34.42262","134.05420","高松市男木コミュニティセンター","高松市男木町1988","正面突き当たり支所カウンターの下","087-873-0002","月火水木金土日","9:00","21:00","日曜日は9：00～17：00、8/13～8/15、12/29～1/3を除く","有"
"85","34.27477","134.10473","高松市十河コミュニティセンター","高松市十川西町579-1","正面右側","087-848-0166","月火水木金土日","9:00","21:00","日曜日は9：00～17：00、8/13～8/15、12/29～1/3を除く","有"
"86","34.23839","134.09909","高松市東植田コミュニティセンター","高松市東植田町1825-1　","正面右側","087-849-0104","月火水木金土日","9:00","21:00","日曜日は9：00～17：00、8/13～8/15、12/29～1/3を除く",
"87","34.24055","134.07886","高松市西植田コミュニティセンター","高松市西植田町2247-1","正面右側","087-849-0101","月火水木金土日","9:00","21:00","日曜日は9：00～17：00、8/13～8/15、12/29～1/3を除く","有"
"88","34.19647","134.04151","高松市塩江コミュニティセンター","高松市塩江町安原下第2号1645","２階正面入口","087-897-0137","月火水木金土日","9:00","21:00","日曜日は9：00～17：00、8/13～8/15、12/29～1/3を除く","有"
"89","34.38529","134.12996","高松市庵治コミュニティセンター","高松市庵治町888-1","正面右側","087-871-4162","月火水木金土日","9:00","21:00","日曜日は9：00～17：00、8/13～8/15、12/29～1/3を除く","有"
"90","34.33626","134.14270","高松市大町コミュニティセンター","高松市牟礼町大町1463-2","正面入口","087-870-1306","月火水木金土日","9:00","21:00","日曜日は9：00～17：00、8/13～8/15、12/29～1/3を除く","有"
"91","34.26744","134.02471","高松市大野コミュニティセンター","高松市香川町大野1329-1","正面入口","087-886-1960","月火水木金土日","9:00","21:00","日曜日は9：00～17：00、8/13～8/15、12/29～1/3を除く","有"
"92","34.24014","134.01314","高松市香南コミュニティセンター","高松市香南町由佐1172","正面左側","087-879-8993","月火水木金土日","9:00","21:00","日曜日は9：00～17：00、8/13～8/15、12/29～1/3を除く","有"
"93","34.28597","133.96108","高松市国分寺南部コミュニティセンター","高松市国分寺町福家甲3106-3","正面右側和室前の廊下","087-874-1116","月火水木金土日","9:00","21:00","日曜日は9：00～17：00、8/13～8/15、12/29～1/3を除く","有"
"94","34.33785","134.13916","高松市牟礼コミュニティセンター","高松市牟礼町牟礼302-1","正面右側","087-845-4111","月火水木金土日","9:00","21:00","日曜日は9：00～17：00、8/13～8/15、12/29～1/3を除く",
"95","34.34095","134.07367","斎場公園","高松市福岡町四丁目35-41","事務所受付","087-822-1917","月火水木金土日","8:30","17:15","友引、1/1を除く","有"
"96","34.22399","134.05229","高松市やすらぎ苑","高松市香川町川内原2200","事務所受付","087-839-1222","月火水木金土日","8:30","17:15",,"有"
"97","34.34034","134.04641","高松市役所　本庁舎","高松市番町一丁目8-5　","１階市民ホール","087-839-2011","月火水木金","8:30","17:15","祝日、12/29～1/3を除く",
"99","34.39532","134.05214","高松市国民健康保険女木診療所","高松市女木町112","待合室","087-873-0103","月火木金","10:30","17:00","月・木 14:00～17:00、火・金 10:30～12:00",
"100","34.42252","134.15410","高松市国民健康保険男木診療所","高松市男木町1988　","待合室","087-873-0003","月火木金","10:45","16:45","月・木 10:45～12:00、火・金 14:00～16:45",
"101","34.34238","134.00066","ふれあい福祉センター勝賀","高松市香西南町476-1　","１階ホール","087-882-6951","月火水木金土","9:00","22:00","12/29～1/3を除く。土曜及び祝日の終了時間は17:00。",
"105","34.24190","134.00785","ししまる館","高松市香南町横井857-1","正面入口","087-879-0321","月火水木金土","9:30","18:00","12/29～1/3を除く","有"
"106","34.29635","134.11389","前田幼稚園","高松市前田東町788-1","玄関","087-847-6582","月火水木金","8:15","17:00","祝日を除く","有"
"107","34.30854","134.09393","川添幼稚園","高松市東山崎町601","職員室","087-847-6934","月火水木金","8:15","17:00","祝日を除く","有"
"108","34.30218","134.07505","林こども園","高松市林町1405-4","職員室入口","087-865-1676","月火水木金土","7:30","18:45","祝日、12/29～1/3を除く。土曜日は17:00まで。","有"
"109","34.27624","134.07037","三渓幼稚園","高松市三谷町2316-2","職員室前廊下","087-889-2514","月火水木金","8:15","17:00","祝日を除く","有"
"110","34.34601","133.99665","香西幼稚園","高松市香西西町59-1","職員室","087-882-0161","月火水木金","8:15","17:00","祝日を除く","有"
"111","34.29200","134.02399","一宮幼稚園","高松市一宮町1233-2","職員室","087-886-3088","月火水木金","8:15","17:00","祝日を除く","有"
"112","34.29260","134.05167","多肥幼稚園","高松市多肥上町990-2","職員室","087-889-2513","月火水木金","8:15","17:00","祝日を除く","有"
"113","34.26839","134.00803","川岡幼稚園","高松市川部町524-3","職員室","087-885-0550","月火水木金","8:15","17:00","祝日を除く","有"
"114","34.28597","134.00317","円座幼稚園","高松市円座町125-2","職員室","087-885-0846","月火水木金","8:15","17:00","祝日を除く","有"
"115","34.30118","133.99522","檀紙幼稚園","高松市御厩町776-1","職員室","087-885-2595","月火水木金","8:15","17:00","祝日を除く","有"
"116","34.32786","134.00502","弦打幼稚園","高松市鶴市町306","玄関","087-881-3563","月火水木金","8:15","17:00","祝日を除く","有"
"117","34.32832","133.99279","鬼無幼稚園","高松市鬼無町佐藤128-1","玄関","087-881-4913","月火水木金","8:15","17:00","祝日を除く","有"
"118","34.32251","134.07656","木太幼稚園","高松市木太町3901-1","職員室","087-833-8144","月火水木金","8:15","17:00","祝日を除く","有"
"120","34.32939","134.09104","春日幼稚園","高松市春日町744","職員室","087-843-2767","月火水木金","8:15","17:00","祝日を除く","有"
"121","34.32939","134.09104","木太北部幼稚園","高松市木太町2604-5","職員室","087-862-1031","月火水木金","8:15","17:00","祝日を除く","有"
"122","34.35066","134.12670","栗山幼稚園","高松市牟礼町牟礼3028","職員室","087-845-1646","月火水木金","8:15","17:00","祝日を除く","有"
"124","34.34293","134.14809","大町幼稚園","高松市牟礼町大町605-1","職員室","087-845-5718","月火水木金","8:15","17:00","祝日を除く","有"
"125","34.27056","134.02467","大野幼稚園","高松市香川町大野1331-1","職員室","087-886-5010","月火水木金","8:15","17:00","祝日を除く","有"
"127","34.23802","134.03487","川東こども園","高松市香川町川東上1987-4","職員室入口","087-879-4602","月火水木金土","7:30","18:45","祝日、12/29～1/3を除く。土曜日は17:00まで。","有"
"128","34.30715","133.02467","国分寺北部幼稚園","高松市国分寺町新居1870-2","保健室","087-874-1155","月火水木金","8:15","17:00","祝日を除く","有"
"129","34.28550","133.96133","国分寺南部幼稚園","高松市国分寺町福家甲3123-1","職員室","087-874-1159","月火水木金","8:15","17:00","祝日を除く","有"
"130","34.35870","133.96749","下笠居こども園","高松市生島町335","職員室","087-882-2531","月火水木金土","7:30","19:00","祝日、12/29～1/3を除く。土曜日は17:00まで。","有"
"131","34.24851","134.00586","香南こども園","高松市香南町横井865-1","職員室入口","087-887-7876","月火水木金土","7:30","19:00","祝日、12/29～1/3を除く。土曜日は17:00まで。","有"
"132","34.38593","134.13147","庵治こども園","高松市庵治町853-1","職員室","087-871-2535","月火水木金土","7:30","18:45","祝日、12/29～1/3を除く。土曜日は17:00まで。","有"
"133","34.18877","134.06140","塩江こども園","高松市塩江町安原下第1号887","職員室入口","087-890-2022","月火水木金土","7:30","18:45","祝日、12/29～1/3を除く。土曜日は17:00まで。","有"
"134","34.32888","134.15611","はらこども園","高松市牟礼町原570-1","職員室","087-845-0234","月火水木金土","7:30","19:00","祝日、12/29～1/3を除く。土曜日は17:00まで。","有"
"135","34.34756","134.03247","瀬戸内保育所","高松市瀬戸内町23-7","職員室入口","087-861-5701","月火水木金土","7:30","19:00","開所日のみ。土曜日は17:00まで。","有"
"136","34.34603","134.03843","扇町保育所","高松市扇町一丁目24-17","職員室","087-821-7629","月火水木金土","7:30","19:00","開所日のみ。土曜日は17:00まで。","有"
"137","34.33287","134.03614","宮脇保育所","高松市宮脇町二丁目10-63","職員室入口","087-835-1636","月火水木金土","7:30","19:00","開所日のみ。土曜日は17:00まで。","有"
"138","34.33521","134.06893","松島保育所","高松市松島町三丁目13-6","職員室入口","087-831-8066","月火水木金土","7:30","19:00","開所日のみ。土曜日は17:00まで。","有"
"139","34.34369","134.07097","福岡保育所","高松市福岡町三丁目31-3","正面入口","087-851-1206","月火水木金土","7:30","18:30","開所日のみ。土曜日は17:00まで。","有"
"140","34.33136","134.05430","桜町保育所","高松市桜町一丁目3-15","正面玄関入口","087-834-3628","月火水木金土","7:30","19:00","開所日のみ。土曜日は17:00まで。","有"
"141","34.30469","134.02860","田村保育所","高松市鹿角町937","職員室","087-866-0962","月火水木金土","7:30","18:30","開所日のみ。土曜日は17:00まで。","有"
"142","34.31896","134.03815","鶴尾保育所","高松市東ハゼ町19-8","玄関内側","087-865-6342","月火水木金土","7:30","18:30","開所日のみ。土曜日は17:00まで。","有"
"143","34.31322","134.05181","太田保育所","高松市伏石町1062","職員室","087-867-5741","月火水木金土","7:30","19:00","開所日のみ。土曜日は17:00まで。","有"
"144","34.32466","134.07727","木太保育所","高松市木太町3502","正面入口","087-861-2650","月火水木金土","7:30","19:00","開所日のみ。土曜日は17:00まで。","有"
"145","34.33073","134.107636","古高松保育所","高松市高松町423-1","職員室入口","087-841-9845","月火水木金土","7:30","19:00","開所日のみ。土曜日は17:00まで。","有"
"146","34.34278","134.09985","屋島こども園","高松市屋島西町1744-1","職員室","087-841-9711","月火水木金土","7:30","18:45","祝日、12/29～1/3を除く。土曜日は17:00まで。","有"
"148","34.35251","133.98711","下笠居東部保育所","高松市植松町44-4","正面玄関入口","087-881-4752","月火水木金土","7:30","18:30","開所日のみ。土曜日は17:00まで。","有"
"149","34.34565","133.99691","香西保育所","高松市香西西町57-9","職員室","087-881-2328","月火水木金土","7:30","19:00","開所日のみ。土曜日は17:00まで。","有"
"150","34.32856","1334.00556","弦打保育所","高松市鶴市町359-1","職員室","087-881-2552","月火水木金土","7:30","19:00","開所日のみ。土曜日は17:00まで。","有"
"151","34.32784","133.99333","鬼無保育所","高松市鬼無町佐藤41-1","職員室","087-881-2844","月火水木金土","7:30","19:00","開所日のみ。土曜日は17:00まで。","有"
"152","34.27753","134.07036","三谷保育所","高松市三谷町1193-1","正面玄関入口","087-889-0720","月火水木金土","7:45","18:30","開所日のみ。土曜日は17:00まで。","有"
"153","34.29152","134.05103","多肥保育所","高松市多肥上町424","職員室","087-889-0475","月火水木金土","7:45","18:30","開所日のみ。土曜日は17:00まで。","有"
"156","34.24037","134.07808","西植田保育所","高松市西植田町2350-1","職員室","087-849-0102","月火水木金土","7:30","18:30","開所日のみ。土曜日は13:30まで。","有"
"157","34.24013","134.09791","東植田保育所","高松市東植田町2023-1","職員室入口","087-849-0082","月火水木金土","7:30","18:00","開所日のみ。土曜日は8:00～17:00","有"
"158","34.26781","134.02700","大野保育所","高松市香川町大野1063-1","職員室入口","087-886-9356","月火水木金土","7:30","18:00","開所日のみ。土曜日は8:30～17:00。","有"
"160","34.22962","134.04026","川東南保育所","高松市香川町川内原574-56","職員室","087-879-5784","月火水木金土","7:30","19:00","開所日のみ。土曜日は17:00まで。","有"
"161","34.30709","133.96409","国分寺北部保育所","高松市国分寺町新居1906-1","職員室","087-874-1487","月火水木金土","7:30","18:30","開所日のみ。土曜日は17:00まで。","有"
"162","34.28486","133.96094","国分寺南部保育所","高松市国分寺町福家甲3106-1","職員室入口","087-874-1120","月火水木金土","7:30","18:30","開所日のみ。土曜日は17:00まで。","有"
"163","34.34607","134.12678","牟礼保育所","高松市牟礼町牟礼1978-1","正面玄関入口","087-845-1647","月火水木金土","7:30","19:00","開所日のみ。土曜日は17:00まで。","有"
"165","34.33052","134.05245","高松市保健所","高松市桜町一丁目10-27　","正面入口、相談室１（貸出用）","087-839-2860","月火水木金","8:30","17:15","祝日、12/29～1/3を除く",
"166","34.33945","134.05969","高松市夜間急病診療所","高松市松島町一丁目16-20　","内科２診","087-839-2299","月火水木金土日","19:30","23:30",,
"167","34.33055","134.05185","高松市保健センター","高松市桜町一丁目9-12　","１階ロビー、３階エレベーターホール","087-839-2363","月火水木金","8:30","17:15","祝日、12/29～1/3を除く",
"168","34.25694","134.03282","香川地域保健活動センター","高松市香川町浅野1256-1　","１階ロビー",,"月火水木金","8:30","17:15","祝日、12/29～1/3を除く",
"169","34.38850","134.12946","庵治地域保健活動センター","高松市庵治町978　","３階ほっとぴあん受付内","087-870-3426",,,,"利用不可",
"170","34.29570","133.96487","国分寺地域保健活動センター","高松市国分寺町新居1180-1　","１階ロビー","087-874-8200","月火水木金","8:30","17:15","祝日、12/29～1/3を除く",
"171","34.26558","134.01537","高松市西部クリーンセンター","高松市川部町930-1","事務室入口","087-885-2727","月火水木金土","8:30","17:15","土曜日は12：30まで。祝日、12/29～1/3を除く。","有"
"172","34.20257","134.0320875","高松市南部クリーンセンター","高松市塩江町安原下第3号2084-1","事務室入口","087-890-2190","月火水木金","8:30","17:15","祝日、12/29～1/3を除く","有"
"173","34.34604","134.06203","高松競輪場","高松市福岡町一丁目4-46　","中央スタンド開催事務所、医務室、前売投票所","087-851-5036","月火水木金土日","8:30","17:15","ナイター時は～21：00。競輪非開催日は利用できない場合あり。","有"
"174","34.34829","134.02850","中央卸売市場　水産物棟","高松市瀬戸内町30-5","守衛室","087-862-3411","月火水木金土日","0:00","23:59","終日利用可能","有"
"175","34.35128","134.02942","中央卸売市場　青果棟","高松市瀬戸内町40-12","守衛室","087-862-3411","月火水木金土日","0:00","23:59","終日利用可能","無"
"176","34.34868","134.02686","公設花き地方卸売市場　花き棟","高松市西町12-1","守衛室","087-862-3411","月火水木金土日","0:00","23:59","終日利用可能","有"
"178","34.23962","134.00726","香南楽湯","高松市香南町横井997-2　","２階浴場入口前付近","087-815-8585","月火水木金土日","10:00","23:00","第３水曜を除く",
"180","34.38971","134.05246","高松市鬼ヶ島おにの館","高松市女木町15-22","事務所受付","087-873-0728","月火水木金土日","8:00","17:00","8/1～8/20は8:00～18:10",
"181","34.35703","134.04712","高松市文化芸術ホール","高松市サンポート2-1　","1Ｆ警備室内、2Ｆ管理事務室内","087-825-5000","月火水木金土日","7:00","23:00","12/29～1/3を除く。２Ｆ管理事務室内設置のものは8:30～18:30。",
"182","34.29626","133.95924","高松国分寺ホール","高松市国分寺町新名430　","受付","087-875-0162","火水木金土日","9:00","22:00","休館日以外利用可能。休館日：毎週月曜（月曜が祝日の場合は翌平日）及び12/29～1/3",
"183","34.35058","134.05157","玉藻公園","高松市玉藻町2-1　","陳列館、和舟乗船所（開園時）、西門料金所（閉園時）","087-851-1521","月火水木金土日",,,"開園時間中利用可",
"184","34.35722","134.13411","石の民俗資料館","高松市牟礼町牟礼1810","エントランスホール（館出入口付近）","087-845-8484","月火水木金土日","9:00","17:00","開館日のみ利用可",
"185","34.34373","134.04572","四番丁スクエア（高松市埋蔵文化財センター）","高松市番町一丁目5-1","本館管理室横、体育館北入口横","087-823-2714","月火水木金","8:30","17:15","祝日、12/29～1/3を除く。体育館北入口横のものは学校跡地施設利用者のみ利用可","有"
"186","34.34215","134.07403","高松市総合体育館","高松市福岡町四丁目36-1　","第１競技場入口","087-822-0211","月水木金土日","9:00","22:00",,
"187","34.35216","134.04211","ヨット競技場","高松市浜ノ町67-1","医務室","087-823-6099","月水木金土日","8:30","20:00",,
"189","34.34290","134.07251","福岡町プール","高松市福岡町三丁目33-24　","受付カウンター","087-823-7227","月水木金土日","10:00","20:30",,
"190","34.37484","133.94362","亀水運動センター","高松市亀水町458-1　","事務所入口","087-881-0182","月水木金土日","9:00","22:00",,
"191","34.37484","133.94362","西部運動センター","高松市鬼無町鬼無10-2　","入口ロビー","087-885-3344","月水木金土日","9:00","22:00",,
"192","34.26136","134.01624","かわなべスポーツセンター","高松市川部町932-7　","プールロビー","087-885-4611","月水木金土日","9:00","22:00",,
"193","34.27112","134.04834","仏生山公園温水プール","高松市仏生山町甲2654-1　","プールロビー","087-888-5011","火水木金土日","13:00","20:30","土日は10:00～20:30",
"194","34.34290","134.14318","牟礼総合体育館","高松市牟礼町牟礼152-10　","ロビー","087-845-7060","火水木金土日","9:00","22:00",,
"195","34.25775","134.02840","香川総合体育館","高松市香川町川東下1917-1　","事務所横ロビー","087-879-8000","月火水木金土日","9:00","22:00",,
"196","34.27256","133.94999","国分寺B&G海洋センター","高松市国分寺町新名2069-1　","ロビー","087-874-4311","火水木金土日","9:00","22:00",,
"197","34.27173","133.95089","国分寺はくちょう温泉","高松市国分寺町新名2213-1　","受付カウンター","087-874-8900","火水木金土日","10:00","20:00",,
"198","34.33284","134.14691","牟礼中央公園運動センター","高松市牟礼町原1019-8　","入口ロビー","087-845-1563","月水木金土日","9:00","22:00",,
"199","34.19786","134.03349","健康増進温浴施設ループしおのえ　　　　　　　　　　　　　　　　　　　　　　　　　　　　　　　","高松市塩江町安原下第3号2074-2　","プール監視室","087-897-0781","月水木金土日","10:00","20:30",,
"200","34.24352","134.00639","香南体育館","高松市香南町横井844-7","事務所","087-879-3136","火水木金土日","9:00","22:00",,
"202","34.34424","134.04914","高松市美術館","高松市紺屋町10-4　","正面入口","087-823-1711","火水木金土日","9:30","17:00","月曜が祝日の場合は翌平日が休館","有"
"203","34.17569","13408137","高松市塩江美術館","高松市塩江町安原上602","事務所内","087-893-1800","火水木金土日","9:00","17:00","月曜が祝日の場合は翌平日が休館","有"
"204","34.34376","134.04690","中央駐車場","高松市番町一丁目11-22","管理事務所内","087-862-2285","月火水木金土日","7:30","22:00",,
"205","34.33922","134.05195","瓦町駅地下駐車場","高松市常磐町一丁目3-1","管理事務所内","087-823-2585","月火水木金土日","7:30","22:00",,
"206","34.32928","134.12251","東部運動公園","高松市高松町1347-1","事務所","087-843-9446","月水木金土日","9:00","22:00",,
"207","34.33208","134.02596","峰山公園","高松市峰山町1838-37","管理事務所内","087-834-7297","月火水木金土日","8:30","17:00","12/29～1/3を除く",
"208","34.30873","133.95307","如意輪寺公園","高松市国分寺町国分2530-2","管理事務所内","087-875-1221","月水木金土日","9:00","19:00","3月・10月は18:00まで、11月～2月は17:00まで。休園日以外利用可能。
休園日：毎週火曜（火曜が祝日の場合は翌平日）及び12/29～1/3",
"209","34.28287","134.04048","高松市立みんなの病院","高松市仏生山町甲847-1","１階みんなのホール入口、２階Ａブロック外来、２階通院治療室、４階４Ｅ処置室、６階６Ｅスタッフステーション",,"月火水木金","8:30","17:15","祝日、12/29～1/3を除く。４階と６階のものは終日利用可能。",
"210","34.17907","134.07914","高松市民病院塩江分院","高松市塩江町安原上東99-1　","正面入口","087-893-0031","月火水木金","8:30","17:15","祝日、12/29～1/3を除く",
"211","34.34599","134.04122","新番丁小学校","高松市錦町二丁目14-1","体育館南側外側面南西扉の東側壁面","087-851-1316",,,,"学校開校日に随時",
"212","34.33862","134.04021","亀阜小学校","高松市亀岡町10-1","体育館外北側の壁","087-861-2013",,,,"学校開校日に随時",
"213","34.33105","134.05016","栗林小学校","高松市栗林町二丁目10-7","体育館入口、保健室横運動場入口の外側壁面","087-861-3438",,,,"学校開校日に随時",
"214","34.33391","134.05728","花園小学校","高松市花園町二丁目7-7","体育館南入口","087-831-9129",,,,"学校開校日に随時",
"215","34.33965","134.06243","高松第一小学校","高松市松島町二丁目14-5","校舎内１階応接室向い壁面","087-832-0611",,,,"学校開校日に随時",
"216","34.31605","134.02871","鶴尾小学校","高松市松並町636-1","体育館外靴箱ホール","087-867-2564",,,,"学校開校日に随時",
"217","34.31853","134.05268","太田小学校","高松市伏石町845-1","中館東面ポストの右側","087-865-4433",,,,"学校開校日に随時",
"218","34.32590","134.07636","木太小学校","高松市木太町3480-1","体育館西側、本館２階職員室前廊下","087-861-6337",,,,"学校開校日に随時",
"219","34.33271","134.10679","古高松小学校","高松市高松町398","体育館靴箱付近","087-841-9204",,,,"学校開校日に随時",
"220","34.34762","134.10015","屋島小学校","高松市屋島西町1205-1","南館１階郵便箱の下","087-841-1538",,,,"学校開校日に随時",
"221","34.29604","134.11290","前田小学校","高松市前田東町819-3","体育館入口外靴箱","087-847-6562",,,,"学校開校日に随時",
"222","34.30667","134.09263","川添小学校","高松市東山崎町207-1","体育館西入口、南棟１階運動場側","087-847-6055",,,,"学校開校日に随時",
"223","34.30172","134.07000","林小学校","高松市林町1108-1","体育館入口、運動場屋外トイレ入口付近","087-865-6250",,,,"学校開校日に随時",
"224","34.27393","134.06885","三渓小学校","高松市三谷町2173-1","体育館西側入口","087-889-0767",,,,"学校開校日に随時",
"225","34.37463","134.04759","仏生山小学校","高松市仏生山町甲2461","体育館入口、保健室廊下","087-889-0549",,,,"学校開校日に随時",
"226","34.34514","133.99823","香西小学校","高松市香西南町703-1","体育館西側入口付近の柱","087-881-3214",,,,"学校開校日に随時",
"227","34.30437","134.02328","一宮小学校","高松市一宮町672-1","体育館東側","087-885-1764",,,,"学校開校日に随時",
"228","34.29230","134.05263","多肥小学校","高松市多肥上町902-2","体育館前ピロティ、新運動場体育倉庫壁面","087-889-0537",,,,"学校開校日に随時",
"229","34.26773","134.00700","川岡小学校","高松市川部町1552","体育館北入口","087-885-1253",,,,"学校開校日に随時",
"230","34.28495","134.00437","円座小学校","高松市円座町1630-2","体育館西側外壁","087-885-2542",,,,"学校開校日に随時",
"231","34.30033","133.99389","檀紙小学校","香川県高松市御厩町816","職員玄関靴箱の上","087-885-1715",,,,"学校開校日に随時",
"232","34.32882","134.00475","弦打小学校","高松市鶴市町374-1","体育館入口靴箱、職員室","087-881-3523",,,,"学校開校日に随時",
"233","34.32727","133.98803","鬼無小学校","高松市鬼無町佐藤607-1","体育館入口","087-881-2413",,,,"学校開校日に随時",
"234","34.35846","133.96830","下笠居小学校","高松市生島町345","体育館西入口","087-881-3188",,,,"学校開校日に随時",
"235","34.28164","134.08904","川島小学校","高松市川島東町864-1","体育館入口靴箱壁面","087-848-0050",,,,"学校開校日に随時",
"236","34.27495","134.10267","十河小学校","高松市十川西町366-5","北館１階職員室通路壁面","087-848-0319",,,,"学校開校日に随時",
"237","34.23910","134.09759","東植田小学校","高松市東植田町2008","校舎玄関","087-849-0062",,,,"学校開校日に随時",
"238","34.24048","134.07863","植田小学校","高松市西植田町2337","体育館入口、玄関（脱靴場）","087-849-0103",,,,"学校開校日に随時",
"239","34.31203","134.06269","中央小学校","高松市松縄町1138","体育館北側","087-866-2944",,,,"学校開校日に随時",
"240","34.30611","134.04417","太田南小学校","高松市太田下町1823-1","体育館入口、職員室前の廊下","087-865-9395",,,,"学校開校日に随時",
"241","34.32101","134.07458","木太南小学校","高松市木太町1530-1","体育館東側通路外側壁面、運動場南側屋外トイレ入口","087-866-7295",,,,"学校開校日に随時",
"242","34.32101","134.07458","古高松南小学校","高松市新田町甲2605","体育館外側壁面","087-843-2467",,,,"学校開校日に随時",
"243","34.35426","134.11635","屋島東小学校","高松市屋島東町942-1","体育館東入口右側壁面","087-843-8402",,,,"学校開校日に随時",
"244","34.35185","134.09043","屋島西小学校","高松市屋島西町2469","体育館北東入口前ピロティ、ピロティ","087-841-1063",,,,"学校開校日に随時",
"245","34.33619","134.08027","木太北部小学校","高松市木太町2613","体育館入口周辺外壁（ピロティ）","087-831-4150",,,,"学校開校日に随時",
"246","34.15267","134.07682","上西小学校跡施設","高松市塩江町上西乙461","体育館西側壁面",,"月火水木金土日","0:00","23:59","通年利用可能",
"247","34.17021","134.08308","塩江小学校跡施設","高松市塩江町 安原上東365","校舎玄関横",,"月火水木金土日","0:00","23:59","通年利用可能",
"248","34.19805","134.04047","安原小学校跡施設","高松市塩江町安原下第２号1684","校舎南側",,"月火水木金土日","0:00","23:59","通年利用可能",
"249","34.33626","134.14090","牟礼小学校","高松市牟礼町大町1560","体育館下トイレ壁面","087-845-9239",,,,"学校開校日に随時",
"250","34.35070","134.12560","牟礼北小学校","高松市牟礼町牟礼2900?1","玄関（北東１階東端）","087-845-5742",,,,"学校開校日に随時",
"251","34.33387","134.15255","牟礼南小学校","高松市牟礼町大町1115?1","体育館入口外","087-845-9324",,,,"学校開校日に随時",
"252","34.38559","134.13111","庵治小学校","高松市庵治町790?1","体育館南側入口左側","087-871-2581",,,,"学校開校日に随時",
"253","34.26743","134.02679","大野小学校","高松市香川町大野1045?1","体育館西側入口、プールの入口","087-885-2165",,,,"学校開校日に随時",
"254","34.25938","134.04122","浅野小学校","高松市香川町浅野3088","体育館東側入口","087-889-0215",,,,"学校開校日に随時",
"255","34.24146","134.03516","川東小学校","高松市香川町川東上1865?8","体育館１階ピロティの壁面（プール入口付近）","087-879-2012",,,,"学校開校日に随時",
"256","34.24188","134.00952","香南小学校","高松市香南町横井1008","体育館入口外","087-879-2269",,,,"学校開校日に随時",
"257","34.30634","133.96288","国分寺北部小学校","高松市国分寺町新居1880","体育館西入口","087-874-1154",,,,"学校開校日に随時",
"258","34.28411","133.96171","国分寺南部小学校","高松市国分寺町福家甲3005","西館と本館の間の渡り廊下壁面","087-874-1160",,,,"学校開校日に随時",
"259","34.34776","134.02970","日新小学校跡施設","高松市瀬戸内町18-2","体育館１階北側入口",,"月火水木金土日","0:00","23:59","通年利用可能",
"260","34.34154","134.05724","築地小学校跡施設","高松市築地町14-1","体育館北側入口",,"月火水木金土日","0:00","23:59","通年利用可能",
"261","34.32648","134.05205","桜町中学校","高松市桜町二丁目12-4","北校舎入口外、南館２階廊下","087-861-1668",,,,"学校開校日に随時",
"262","34.34078","134.03414","紫雲中学校","高松市紫雲町8-25","１階校舎入口、事務室前、４階３年生職員室","087-861-7144",,,,"学校開校日に随時",
"263","34.33420","134.06652","玉藻中学校","高松市上福岡町714-1","第２体育館入口","087-861-8196",,,,"学校開校日に随時",
"264","34.33898","134.06213","高松第一中学校","高松市松島町二丁目14-5","体育館出入口西側の柱","087-832-0311",,,,"学校開校日に随時",
"265","34.31575","134.02694","鶴尾中学校","高松市松並町639-1","体育館","087-867-3382",,,,"学校開校日に随時",
"266","34.34117","134.10490","屋島中学校","高松市屋島中町295","玄関外側","087-841-2236",,,,"学校開校日に随時",
"267","34.30778","134.08593","協和中学校","高松市元山町88-2","体育館入口の外、１．２年職員室","087-867-5937",,,,"学校開校日に随時",
"268","34.28267","134.05057","龍雲中学校","高松市出作町331-2","体育館入口、職員室入口付近廊下側","087-889-0131",,,,"学校開校日に随時",
"269","34.34240","133.99931","勝賀中学校","高松市香西南町565","体育館外側壁面","087-881-3141",,,,"学校開校日に随時",
"270","34.29317","134.02514","一宮中学校","高松市一宮町1185-1","本館１階南側壁面","087-885-1664",,,,"学校開校日に随時",
"271","34.29516","134.01021","香東中学校","高松市円座町771","体育館、職員室西側廊下","087-886-6580",,,,"学校開校日に随時",
"272","34.35765","133.96687","下笠居中学校","高松市生島町372-1","体育館外側壁面","087-881-2621",,,,"学校開校日に随時",
"273","34.26865","134.09310","山田中学校","高松市川島東町1257-1","職員室入口、３階教師コーナー","087-848-0071",,,,"学校開校日に随時",
"274","34.30616","134.04570","太田中学校","高松市太田下町1800","体育館正面入口付近外側","087-866-1370",,,,"学校開校日に随時",
"275","34.33233","134.10294","古高松中学校","高松市新田町甲190-1","体育館前入口外側","087-841-1577",,,,"学校開校日に随時",
"276","34.31400","134.06736","木太中学校","高松市木太町5059-3","体育館前入口外側","087-866-5588",,,,"学校開校日に随時",
"277","34.18169","134.07400","塩江中学校","高松市塩江町安原上231-1","運動場側出入口壁面","087-893-0032",,,,"学校開校日に随時",
"278","34.34119","134.14330","牟礼中学校","高松市牟礼町牟礼46-2","玄関外側","087-845-9604",,,,"学校開校日に随時",
"279","34.38395","134.13064","庵治中学校","高松市庵治町691-1","南館１階保健室横外壁","087-871-2716",,,,"学校開校日に随時",
"280","34.25348","134.03083","香川第一中学校","高松市香川町浅野1188","健心館入口柱、運動場、第３グラウンド部室棟内","087-879-2131",,,,"学校開校日に随時",
"281","34.24325","134.00835","香南中学校","高松市香南町横井801","職員室玄関前","087-879-2064",,,,"学校開校日に随時",
"282","34.29744","133.96445","国分寺中学校","高松市国分寺町新居1131-1","玄関外の壁、第２体育館正面玄関","087-874-0031",,,,"学校開校日に随時",
"283","34.32825","134.05261","高松第一高等学校","高松市桜町二丁目5-10","校舎内","087-861-0244",,,,"学校開校日に随時","有"
"284","34.34557","134.05410","高松市生涯学習センター","高松市片原町11-1","２階受付","087-811-6222","火水木金土日","9:00","22:00","日・祝は17:00まで。休館日以外利用可能。休館日：毎週月曜（月曜が祝日の場合は翌平日）及び12/29～1/3","有"
"285","34.34428","134.03427","中央図書館","高松市昭和町一丁目2-20　","１階中央カウンター","087-861-4501",,,,"会館時のみ利用可能",
"286","34.34552","134.05667","総合教育センター","高松市末広町5","西棟入口前","087-811-2161","月火水木金","8:30","17:15","祝日、12/29～1/3を除く",
"287","34.28338","134.04967","教育支援センター「みなみ」","高松市出作町348-6","入口前","087-889-8900","月火水木金","8:30","17:15","祝日、12/29～1/3を除く",
"288","34.34108167","134.0452242","上下水道局","高松市番町一丁目10-14",,,,,,,
"289","34.33414583","134.0151492","御殿場浄水場","高松市鶴市町1360",,,,,,,
"290","34.25407361","134.0303428","浅野浄水場","高松市香川町浅野１１６１",,,,,,,
"291","34.30787","134.1005842","川添浄水場","高松市東山崎町1331",,,,,,,
"292","34.34044333","134.0447486","高松市上下水道工事業協同組合","高松市天神前５‐３０","自社ビル北側壁面",,,,,,
"293","34.22225833","133.9528189","株式会社　リバートップ","綾歌郡綾川町山田下3184?1","店舗入口",,,,,,
"294","34.22494861","133.9292506","綾川町社会福祉協議会小規模多機能型居宅介護綾川","綾歌郡綾川町羽床上788-1","一階事務所",,,,,,
"295","34.22345556","133.9507717","医療法人社団　綾上歯科診療所","綾歌郡綾川町山田下字久保3334番地2","院内１Ｆ診療室内",,,,,,
"296","34.24901167","133.9202628","滝宮天満宮","綾歌郡綾川町滝宮１３１４","神社お守授与所",,,,,,
"297","34.25616139","133.9582064","デイサービスセンター綾川","綾歌郡綾川町陶2691-1","入浴更衣室出入口",,,,,,
"298","34.23798722","133.9042911","有限会社　綾南交通","綾歌郡綾川町羽床下2312-1","建物南側自動販売機脇",,,,,,
"299","34.24646194","133.9411406","香川県農業協同組合綾坂地区営農センター","綾歌郡綾川町陶4742番地1","１階事務所",,,,,,
"300","34.21775139","133.9492003","綾川町B&G綾上海洋センター","綾歌郡綾川町3694-1","一階事務所",,,,,,
"301","34.27706528","134.1006447","ダイキ（株）ホームセンターダイキONE川島","高松市川島東町５０４","店舗サービスカウンター",,,,,,
"302","34.33007083","134.0660058","ダイキ（株）ホームセンターダイキ上福岡店","高松市上福岡町838-1","サービスカウンター",,,,,,
"303","34.34320056","134.1315594","ダイキ（株）ホームセンターダイキ牟礼店","高松市牟礼町牟礼1080","サービスカウンター",,,,,,
"304","34.26433194","134.0332867","ダイキ（株）ホームセンターダイキ香川店","高松市香川町大野76番地1","サービスカウンター",,,,,,
"305","34.34253861","134.0073361","ダイキ（株）ホームセンターダイキ香西店","高松市香西東町350-1","サービスカウンター",,,,,,
"306","34.30069667","134.0928925","ダイキ（株）ホームセンターダイキ水田店","高松市東山崎町291-1","サービスカウンター",,,,,,
"307","34.26227833","134.1349236","ダイキ（株）ホームセンターダイキ三木店","木田郡三木町大字氷上894番地","サービスカウンター",,,,,,
"308","34.15981","133.9882222","柏原渓谷キャンプ村TaTuTaの森","綾歌郡綾川町枌所東3808番地","管理棟",,,,,,
"309","34.21869139","133.9523103","綾川町もみじ温泉社会福祉センター","綾歌郡綾川町東分甲343番地3","トレーニングルーム",,,,,,
"310","34.24991167","133.9209294","香川町梅の里社会福祉センター","綾歌郡綾川町滝宮276番地","１階事務所",,,,,,
"311","34.24981583","133.9242236","綾川町立生涯学習センター","綾歌郡綾川町滝宮318","カウンター内",,,,,,
"312","34.25281639","133.9500492","綾川町立陶公民館","綾歌郡綾川町陶5866-1","公民館玄関付近",,,,,,
"313","34.23447806","133.9057075","綾川町立羽床公民館","綾歌郡綾川町羽床下2259番地2","公民館玄関付近",,,,,,
"314","34.19815944","133.995275","綾川町立枌所公民館","綾歌郡綾川町枌所西2087-1","公民館玄関付近",,,,,,
"315","34.233805","133.9732614","綾川町立山田公民館","綾歌郡綾川町山田上甲1313-1","公民館玄関付近",,,,,,
"316","34.20451694","133.9508447","綾川町立西分公民館","綾歌郡綾川町西分1377","公民館玄関付近",,,,,,
"317","34.22414972","133.9290372","綾川町立羽床上公民館","綾歌郡綾川町羽床上797番地","公民館玄関付近",,,,,,
"318","34.24719056","133.9781886","綾川町立昭和公民館","綾歌郡綾川町畑田2390-8","公民館玄関付近",,,,,,
"319","34.26804556","134.1487386","トレスタ白山","木田郡三木町大字下高岡972番地30","フロント、スケート場（冬）又はプール（夏）",,,,,,
"320","34.2923525","134.1382758","三木町老人福祉会館　あけぼの荘","木田郡三木町大字井上1966番地5","事務所",,,,,,
"321","34.25329194","134.1351961","三木町健康生きがい中核施設　サンサン館みき","木田郡三木町大字氷上2940番地1","事務所",,,,,,
"322","34.23131861","134.1210686","サンサン館みき三木町農村運動広場","木田郡三木町大字朝倉1441番地","トレーニングセンター玄関ホール",,,,,,
"323","34.26846861","134.1347522","三木町農村環境改善センター","木田郡三木町大字氷上370番地２","玄関ホール",,,,,,
"324","34.27261056","134.1361569","三木町文化交流プラザ","木田郡三木町大字鹿伏360番地","事務所",,,,,,
"325","34.26165583","134.1486653","ウォーキングセンター","木田郡三木町大字下高岡1459番地2","玄関靴箱上部",,,,,,
"326","34.2633075","134.124605","まんでがんふれあいホーム","木田郡三木町大字田中1279番地","職員室",,,,,,
"327","34.27786361","134.121665","池戸商工センター","木田郡三木町大字池戸2340-1","エントランス",,,,,,
"328","34.26504278","134.1627317","井戸公民館","木田郡三木町大字井戸2679-1","公民館玄関",,,,,,
"329","34.27250778","134.1363472","三木町地域交流センター","木田郡三木町大字氷上2871","事務所入口",,,,,,
"330","34.31151694","134.0335789","株式会社　幸燿","高松市田村町948番地","正面玄関ロビー",,,,,,
"331","34.33929","134.05261","市民交流プラザIKODE瓦町","高松市常磐町一丁目3-1　８階","受付カウンターの北側","087-863-2888","月火水木金土日","10:00","21:00","12/29～1/3を除く",
"332","34.42022","134.05651","男木保育所","高松市男木町165","職員室","087-873-0614","月火水木金","9:00","16:00","開所日のみ",
"333","34.42025","134.05695","男木小学校","高松市男木町165","靴箱外","087-873-0506",,,,"学校開校日に随時",
"334","34.34053","134.10152","屋島レクザムフィールド","高松市屋島中町374-1","エントランスホール、事務所","087-802-7350","月火水木金土日","9:00","21:00","12/29～1/3を除く",
"335","34.34720","134.13403","御山公園","高松市牟礼町牟礼1355-1","プレイセンター内","087-845-5585","月水木金土日","9:00","22:00","休園日以外利用可能。休園日：毎週火曜（火曜が祝日の場合は翌平日）及び12/29～1/3",
"336","34.43360","134.06059","男木島灯台資料館","高松市男木町1062-3","正面入口","087-873-0001","日","9:00","16:30","日曜、祝日、7/1～8/31のみ","有"
"338","34.39011","134.12847","純愛の聖地庵治・観光交流館","高松市庵治町5824-4","カフェカウンター","087-871-1700","月水木金土日","9:00","17:00",,"有"
"339","34.30303","133.94669","讃岐国分寺跡資料館","高松市国分寺町国分2177-1","受付カウンター後部のボックス","087-874-8840","月水木金土日","9:00","16:30","開館日のみ利用可","有"
"340","34.34021","134.05965","高松市こども未来館","高松市松島町一丁目15-1","１階受付及び３階受付","087-839-2571","月水木金土日","9:00","21:00","日・祝は17:00まで。3階受付は9:30～17:00","有"
"341","34.24962","134.01492","吉光児童館","高松市香南町吉光349-13","玄関","087-879-6041","火水木金土","9:00","17:00","12/29～1/3を除く",
"343","34.31423","134.03694","上天神文化センター","高松市上天神町152-1","事務室","087-866-2494","月火水木金土","8:30","17:00","祝日、12/29～1/3を除く。月・土は開館日のみ（第1・3土曜開館、その翌週月曜休館）",
"344","34.30532","134.02654","田村文化センター","高松市田村町662-1","玄関","087-867-6904","月火水木金土","8:30","17:00","祝日、12/29～1/3を除く。月・土は開館日のみ（第1・3土曜開館、その翌週月曜休館）",
"345","34.29777","134.10583","中川文化センター","高松市前田東町860-3","玄関","087-847-5896","月火水木金土","8:30","17:00","祝日、12/29～1/3を除く。月・土は開館日のみ（第1・3土曜開館、その翌週月曜休館）",
"346","34.26432","134.08279","中原文化センター","高松市池田町391-7","玄関","087-848-1090","月火水木金土","8:30","17:00","祝日、12/29～1/3を除く。月・土は開館日のみ（第1・3土曜開館、その翌週月曜休館）",
"347","34.24768","134.01521","吉光文化センター","高松市香南町由佐629","廊下","087-879-6244","月火水木金土","8:30","17:00","祝日、12/29～1/3を除く。月・土は開館日のみ（第1・3土曜開館、その翌週月曜休館）",
"348","34.29990","133.95912","国分寺文化センター","高松市国分寺町新居1423-1","玄関","087-874-4519","月火水木金土","8:30","17:00","祝日、12/29～1/3を除く。月・土は開館日のみ（第1・3土曜開館、その翌週月曜休館）",
"349","34.33948","134.07213","高松市環境業務センター","高松市木太町2282-1","窓口","087-834-0389","月火水木金","8:30","17:15","祝日、12/29～1/3を除く",
"350","34.35383","134.04553","高松駅南交通広場高速バスターミナル待合所","高松市浜ノ町1-33","待合所内",,"月火水木金土日","4:00","23:30",,
"351","34.32624","134.06129","今里集会場","高松市今里町二丁目3-8","正面入口",,,,,"施設利用者のみ利用可能",
"352","34.35034","134.08512","東部下水処理場","高松市屋島西町2366-6","管理棟玄関","087-843-8580","月火水木金","6:00","22:00","祝日、12/29～1/3を除く",
"353","34.33963","134.03894","北消防署","高松市宮脇町一丁目2-34","救急事務所","087-861-1551","月火水木金土日","0:00","23:59","終日利用可能","有"
"354","34.34757","134.06493","北消防署朝日分署","高松市朝日町二丁目1-39","正面入口","087-822-1419","月火水木金土日","0:00","23:59","終日利用可能","有"
"355","34.30380","134.05906","南消防署","高松市多肥下町1530-16","受付","087-815-0119","月火水木金土日","0:00","23:59","終日利用可能","有"
"356","34.23649","134.03447","南消防署香川分署","高松市香川町川東上947-1","受付","087-879-4111","月火水木金土日","0:00","23:59","終日利用可能","有"
"357","34.32756","134.10621","東消防署","高松市新田町甲984-1","事務所","087-843-5119","月火水木金土日","0:00","23:59","終日利用可能","有"
"358","34.35660","134.12326","東消防署牟礼分署","高松市牟礼町牟礼3720-328","事務所","087-845-1255","月火水木金土日","0:00","23:59","終日利用可能","有"
"359","34.34577","133.99693","西消防署","高松市香西南町603-1","受付","087-881-0119","月火水木金土日","0:00","23:59","終日利用可能","有"
"360","34.23730","133.94624","西消防署綾川分署","綾歌郡綾川町山田下1160-1","受付","087-878-1111","月火水木金土日","0:00","23:59","終日利用可能","有"
"361","34.26887","134.13524","三木消防署","木田郡三木町氷上373-2","玄関ホール","087-898-4119","月火水木金土日","0:00","23:59","終日利用可能","有"
"362","34.30929","134.05888","市民防災センター","高松市多肥下町1530-16","正面入口","087-815-0126","火水木金土日","9:00","21:00","日曜は17:00まで。祝日の翌日及び12/29～1/3を除く","有"
"363","34.38411","134.12638","高松市庵治支所","高松市庵治町6393-5","支所長席後方の棚の上","087-845-2111","月火水木金","8:30","17:00","祝日、12/29～1/3を除く","有"
"364","34.34333","134.07077","高松市福岡会館","高松市福岡町三丁目31-18","事務室内","087-822-5939","月火水木金土","9:00","21:00","祝日、12/29～1/3を除く","有"
"365","34.34306","134.04597","高松市防災合同庁舎（危機管理センター）","高松市番町一丁目8-15","１階エントランスホール","087-839-2255","月火水木金","8:30","17:15","祝日、12/29～1/3を除く","有"
"366","34.23933","134.02166","香南歴史民俗郷土館","高松市香南町由佐253-1","受付カウンター後部のボックス","087-861-4520","月火水木金土日","9:00","17:00","開館日のみ利用可","有"
"367","34.232024","133.935558","香川県農業試験場","綾歌郡綾川町北1534?1","香川県農業試験場　総務",,,,,,
"368","34.25001","133.921634","綾川町立滝宮公民館","綾歌郡綾川町滝宮297番地6","玄関入口",,,,,,
"369","34.26615","134.154376","蓮井歯科ファミリークリニック","木田郡三木町大字下高岡693?1","診療室",,,,,,
"370","34.268443","134.136477","JA香川県ふれあいセンター三木","木田郡三木町大字氷上364?1","店舗内壁面",,,,,,
"371","34.244547","134.142095","高齢者複合施設　ヌーベル三木","木田郡三木町大字上高岡1033?1","2Fスタッフステーション内",,,,,,
"372","34.27189","134.125695","株式会社　たまや三木店","木田郡三木町大字池戸2839?1","ホール内カウンター",,,,,,
"373","34.274165","134.144548","特別養護老人ホーム　白山山荘","木田郡三木町大字下高岡2882?1","新館1Fフロア内",,,,,,
"374","34.270536","134.131473","平木コミュニティ会館","木田郡三木町大字平木26?1","事務所",,,,,,
"375","34.262847","134.136367","ダイナム　三木店","木田郡三木町大字氷上797","東側出入口　KIRIN自販機内設置",,,,,,
"376","34.294475","134.130254","社会福祉法人　朝日園","木田郡三木町大字池戸931?6","事務室",,,,,,
"377","34.269585","134.131955","高松信用金庫　三木支店","木田郡三木町大字平木22?2","三木支店内ロビー",,,,,,
"378","34.267287","134.138127","株式会社マルナカ三木店","木田郡三木町大字氷上482?2","エスカレーター横東側",,,,,,
"379","34.287649","134.119979","グループホーム　れんげハウス","木田郡三木町大字池戸高尾2074?5","東事務室",,,,,,
"380","34.245393","134.121832","田中公民館","木田郡三木町大字田中3841?1","エントランスホール",,,,,,
"381","34.228068","134.155131","神山公民館","木田郡三木町大字鹿庭1755?1","公民館廊下",,,,,,
"382","34.29932","133.942103","香川県青年センター","高松市国分寺町国分1009","本館事務所・体育館入口",,,,,,
"383","34.265696","133.971307","香川トヨタ自動車株式会社　ルート32中央店","高松市国分寺町福家甲1129?2","ショールーム入口付近",,,,,,
"384","34.288973","133.961589","宮本接骨院","高松市国分寺町新名692?1","施術室",,,,,,
"385","34.253202","133.946296","香川県農業協同組合ふれあいセンター綾南店","綾歌郡綾川町陶4164番地1","事務所前",,,,,,
"387","34.267259","134.138002","（株）マルナカ三木店","三木町大字氷上482?2",,,,,,,
"388","34.268412","134.136445","ＪＡ香川県ふれあいセンター三木店","木田郡三木町大字氷上364?1",,,,,,,
"389","34.282025","134.123495","あやの歯科医院","木田郡三木町池戸２１８６?１",,,,,,,
"390","34.287603","134.119936","グループホームれんげハウス","木田郡三木町大字池戸高尾2074?5",,,,,,,
"391","34.262882","134.136531","ダイナム三木店","木田郡三木町大字氷上797",,,,,,,
"392","34.346792","134.066031","ホテルマリンパレスさぬき","高松市福岡町二丁目３番４号",,,,,,,
"393","34.34553","134.048559","リーガホテルゼスト高松株式会社ゼスト","高松市古新町9-1",,,,,,,
"394","34.319608","134.042605","リコージャパン株式会社","高松市東ハゼ町９番地７",,,,,,,
"395","34.274757","134.124269","阿部歯科医院","木田郡三木町池戸２８７８",,,,,,,
"396","34.266092","134.16124","医療法人社団ささき歯科医院","木田郡三木町井戸２５７９?６",,,,,,,
"397","34.278452","134.120287","医療法人社団審美会もり歯科矯正歯科医院","木田郡三木町池戸３２６７?４",,,,,,,
"398","34.273239","134.123122","一般社団法人木田地区医師会","木田郡三木町大字池戸２９９１番地２",,,,,,,
"399","34.248713","134.123004","岡沢歯科医院","木田郡三木町田中３７４４?２",,,,,,,
"400","34.262939","134.157972","学校法人三木学園あおば幼稚園","木田郡三木町井戸２３９４",,,,,,,
"401","34.292477","134.066683","株式会社サニクリーン四国高松支店","高松市上林町500-3",,,,,,,
"402","34.27195","134.125775","株式会社たまや三木店","木田郡三木町大字池戸2839?1",,,,,,,
"403","34.325044","134.048662","株式会社四電工","高松市花ノ宮町二丁目３番９号",,,,,,,
"404","34.251526","134.163002","株式会社フジデリカ東四国工場","木田郡三木町井戸１２９３?１",,,,,,,
"405","34.339157","134.052393","瓦町駅","高松市常磐町1丁目3-1",,,,,,,
"406","34.315603","134.054671","香川県農業協同組合高松市太田支店","高松市伏石町２０４７?１",,,,,,,
"407","34.25319","133.946218","香川県農業協同組合ふれあいセンター綾南店","綾歌郡綾川町陶4164番地1",,,,,,,
"408","34.347163","134.063183","香川県立武道館","高松市福岡町一丁目５?５",,,,,,,
"409","34.344743","134.050287","高松丸亀町商店街振興組合","高松市丸亀町13-3",,,,,,,
"422","34.269618","134.131882","高松信用金庫三木支店","木田郡三木町大字平木22?2",,,,,,,
"423","34.244548","134.141917","高齢者複合施設ヌーベル三木","木田郡三木町大字上高岡1033?1",,,,,,,
"424","34.238224","134.145066","三木町総合運動公園","木田郡三木町大字上高岡２５４４?３",,,,,,,
"425","34.350932","134.047032","四国旅客鉄道株式会社高松駅","高松市浜ノ町１-２０",,,,,,,
"426","34.294497","134.130121","社会福祉法人朝日園","木田郡三木町大字池戸931?6",,,,,,,
"427","34.350298","134.063999","社会保険診療報酬支払基金香川支部","髙松市朝日町２丁目１７番３号",,,,,,,
"428","34.338042","134.047475","損保ジャパン日本興亜株式会社","高松市中新町２?８",,,,,,,
"429","34.257298","133.922363","大陽工機株式会社","綾歌郡綾川町滝宮２４５７?１",,,,,,,
"430","34.346535","134.048183","東横イン高松兵庫町","高松市兵庫町３-１",,,,,,,
"431","34.240989","134.15666","特別養護老人ホームみき山荘","木田郡三木町井戸３８番地１",,,,,,,
"432","34.274096","134.14445","特別養護老人ホーム白山山荘","木田郡三木町大字下高岡2882?1",,,,,,,
"433","34.237955","133.904048","有限会社綾南交通","綾歌郡綾川町羽床下２３１２?１",,,,,,,
"434","34.354597","134.024912","ジャパンスイミングスクール高松校","高松市新北町28-12",,,,,,,
"435","34.269519","134.127527","ジャパンスイミングスクール三木校","木田郡三木町田中109-1",,,,,,,
"436","34.276808","134.100859","ホームセンターダイキＯＮＥ川島","高松市川島東町５０４番地",,,,,,,
"437","34.342567","134.007501","ホームセンターダイキ香西店","高松市香西東町３５０?１",,,,,,,
"438","34.264357","134.033264","ホームセンターダイキ香川店","高松市香川町大野７６番地１",,,,,,,
"439","34.262313","134.13503","ホームセンターダイキ三木店","木田郡三木町大字氷上８９４番地",,,,,,,
"440","34.32999","134.065868","ホームセンターダイキ上福岡店","高松市上福岡町８３８?１",,,,,,,
"441","34.300614","134.092895","ホームセンターダイキ水田店","高松市東山崎町２９１?１",,,,,,,
"442","34.343206","134.131677","ホームセンターダイキ牟礼店","高松市牟礼町牟礼１０１８",,,,,,,
"444","34.249902","133.920976","綾川町梅の里社会福祉センター","綾歌郡綾川町滝宮２７６番地",,,,,,,
"445","34.223473","133.950825","医療法人社団綾上歯科診療所","綾歌郡綾川町山田下字久保３３３４番地２",,,,,,,
"446","34.344973","134.04611","株式会社アルファリビング高松紺屋町","高松市紺屋町５?３　あなぶきメディカルケア",,,,,,,
"447","34.335947","134.103492","株式会社ユーミック","高松市新田町甲91-1",,,,,,,
"448","34.222302","133.952955","株式会社リバートップ","綾歌郡綾川町山田下3184?1",,,,,,,
"449","34.311552","134.033583","株式会社幸燿","高松市田村町９４８番地",,,,,,,
"450","34.265668","133.971467","香川トヨタ自動車株式会社ルート32中央店","高松市国分寺町福家甲１１２９?２",,,,,,,
"451","34.223429","134.017527","香川県園芸総合センター","高松市香南町岡１１６４?１",,,,,,,
"452","34.232002","133.935635","香川県農場試験場","綾歌郡綾川町北1534?1",,,,,,,
"454","34.34475","134.050284","高松丸亀町商店街振興組合","高松市丸亀町13-2",,,,,,,
"456","34.340465","134.044737","高松市上下水道工事協同組合","高松市天神前５番３０号",,,,,,,
"459","34.253371","134.135111","三木町健康生きがい中核施設サンサン館みき","木田郡三木町大字氷上２９４０番地１",,,,,,,
"460","34.231323","134.121078","三木町農村運動広場","木田郡三木町大字朝倉１４４１番地",,,,,,,
"461","34.292315","134.138236","三木町老人福祉会館あけぼの荘","木田郡三木町大字井上１９６６番地５",,,,,,,
"462","34.334681","134.09214","四国コカ・コーラボトリング株式会社","高松市春日町1378",,,,,,,
"463","34.324962","134.051008","四電エンジニアリング株式会社","高松市上之町三丁目１番４号",,,,,,,
"464","34.294461","134.074744","四電エンジニアリング株式会社技術開発センター","高松市林町２２１７?４",,,,,,,
"465","34.255984","134.029103","社会福祉法人高松市社会福祉協議会香川支所","高松市香川町大野４５０番地",,,,,,,
"466","34.239451","134.007169","社会福祉法人高松市社会福祉協議会香南支所","高松市香南町横井１０２８番地",,,,,,,
"467","34.297611","133.965356","社会福祉法人高松市社会福祉協議会国分寺支所","高松市国分寺町新居１１５０番地１",,,,,,,
"468","34.344448","134.064212","社会福祉法人高松市社会福祉協議会本所","高松市福岡町二丁目２４番１０号",,,,,,,
"469","34.340286","134.137202","社会福祉法人高松市社会福祉協議会牟礼支所","高松市牟礼町牟礼２１６番地１",,,,,,,
"470","34.355095","134.058876","出光興産株式会社高松油槽所","高松市朝日町四丁目２９?１",,,,,,,
"471","34.338911","134.096353","瀬戸内スイミングスクール屋島校","高松市屋島西町2020",,,,,,,
"472","34.263267","134.031124","瀬戸内スイミングスクール香川校","高松市香川町大野170-5",,,,,,,
"473","34.312907","134.073873","瀬戸内スイミングスクール木太校","高松市木太町9区546",,,,,,,
"474","34.299172","134.089169","創心会リハビリ倶楽部高松中央","高松市六条町１６８?３",,,,,,,
"475","34.344591","134.049056","損害保険ジャパン日本興亜株式会社","高松市紺屋町１?６",,,,,,,
"476","34.285472","134.097105","富士道路施設株式会社","高松市小村町３２８?２",,,,,,,
"477","34.24145","134.03400","高松市香川総合センター","高松市香川町川東上1865-13","正面入口入ってすぐのロビー","087-879-3211","月火水木金","8:30","17:00","祝日、12/29～1/3を除く","有"
"478","34.29748","133.96070","高松市国分寺総合センター","高松市国分寺町新居1298","１階４番窓口","087-874-1111","月火水木金","8:30","17:15","祝日、12/29～1/3を除く","有"
"479","34.33590","134.07822","高松市木太北部会館","高松市木太町2541-2","玄関横","087-862-9229","月火水木金土","9:00","21:00","祝日、12/29～1/3を除く","有"
"480","34.22274","134.01919","香南アグリーム","高松市香南町岡1270-13","正面入口横1階事務所内","087-879-8741","月火木金土日","9:00","17:00","年末年始及び臨時休業日を除く","有"
"481","34.35653","134.00379","香東川浄化センター","高松市香西本町762","正面玄関","087-842-5421","月火水木金","7:00","20:00","祝日、12/29～1/3を除く","有"
"482","34.35270","134.12175","牟礼浄化苑","高松市牟礼町牟礼2633-3","正面玄関","087-843-8580","月火水木金","7:30","19:00","祝日、12/29～1/3を除く","有"
"483","34.18171","134.07474","塩江小学校","高松市塩江町安原上231-1","小学校校舎運動場出入口（屋外）西側壁面","087-893-0171",,,,"学校開校日に随時",
"484","34.3030048","134.028818","JSSセンコースイミングスクール","高松市鹿角町９０３?3",,,,,,,
"485","34.304334","134.092414","香川中央自動車学校","高松市東山崎町200?1",,,,,,,
"486","34.31137","134.035319","T・D・S高松自動車学校","高松市上天神町646番地",,,,,,,
"487","34.335276","134.094734","銀星自動車学校","高松市屋島西町2366番地8",,,,,,,
"488","34.298808","134.01361","ハッピードライビングスクール","高松市成合町931番地1",,,,,,,
"491","34.333409","134.052296","フィンズスイミングスクール栗林","高松市藤塚町3‐12‐8",,,,,,,
"492","34.300356","134.061843","フィンズスイミングスクール多肥","高松市多肥下町577‐1",,,,,,,
"494","34.254515","134.034247","WAM オールアスリートステーション","高松市香川町浅野998番地",,,,,,,
"495","34.36351","133.959837","香川県総合運動公園","高松市生島町164",,,,,,,
"496","34.308531","133.980654","香川県立総合水泳プール","高松市御厩町1585‐1",,,,,,,
"497","34.212023","134.016963","さぬきこどもの国","高松市香南町由佐3209",,,,,,,
"498","34.329787","134.056563","株式会社フジ　フジ楠上店","高松市楠上町2‐3‐15",,,,,,,
"499","34.347794","134.050388","四国電力株式会社　本店","高松市丸の内2‐5",,,,,,,
"500","34.29215","134.091072","ピナクルジム","高松市下田井町372‐1",,,,,,,
"502","34.219023","134.018408","高松空港株式会社","高松市香南町岡1312-7",,,,,,,
"503","34.347299","134.043015","香川県歯科医療専門学校","高松市錦町2-8-37",,,,,,,
"504","34.345046","134.068793","四国クリエイト協会","高松市福岡町3-11-22",,,,,,,
"505","34.338701","134.065245","在宅療養ネットワーク","高松市松島町2-12-8",,,,,,,
"506","34.342901","134.034859","かがやきの季　昭和町","高松市昭和町1-7-23　",,,,,,,
"507","34.25549","134.056435","障害者支援施設　ウインドヒル","高松市三谷町3851",,,,,,,
"508","34.340076","134.083221","プロスパークラブサンダ","高松市木太町2702-1",,,,,,,
"509","34.278621","134.027285","さきやまペットクリニック","高松市寺井町1106-4",,,,,,,
"510","34.309216","134.048046","オークラサービス株式会社　高松営業所","高松市太田下町2429-3",,,,,,,
"511","34.241305","134.104496","公渕森林公園","高松市東植田町1210-3",,,,,,,
"512","34.322247","134.044789","川西接骨院","高松市上ノ町1-1-16",,,,,,,
"513","34.326532","134.062323","フモト接骨院","高松市上福岡町2056-1",,,,,,,
"514","34.305122","134.092873","えのきど接骨院・鍼灸院","高松市東山崎町206-1　吉洸ビル1F",,,,,,,
"515","34.324536","134.078625","久保接骨院","高松市木太町3505-1",,,,,,,
"516","34.284441","134.028543","国方接骨院","高松市一宮町178-1",,,,,,,
"517","34.305871","133.990154","神髙接骨院","高松市御厩町483-7",,,,,,,
"518","34.278018","134.118229","石原接骨院","三木町池戸3313",,,,,,,
"519","34.272998","134.008689","香川県立川部みどり園","高松市川部町418",,,,,,,
"520","34.30521","134.033023","社会福祉法人　香川ボランティア協会","高松市田村町1151-1",,,,,,,
"521","34.28445","134.04099","仏生山交流センター","高松市仏生山町甲218番地1","正面入口西側","087-889-4907","月火水木金","8:30","17:00","祝日、12/29～1/3を除く",
"522","34.27719","134.08566","高松市山田総合センター","高松市川島本町191-10","南側エントランス","087-848-0165","月火水木金土日","9:00","21:00","日曜日は9：00～17：00、（祝日、8/13～8/15、12/29～1/3を除く）",
"523","34.34124","134.14021","田井保育所","高松市牟礼町牟礼100-1","正面玄関入口","087-845-5411","月火水木金土","7:30","18:30","開所日のみ。土曜日は17:00まで。","有"
"524","34.28727","134.09151","川島こども園","高松市川島東町253-4","職員室入口","087-848-0075","月火水木金土","7:30","19:00","開所日のみ。土曜日は17:00まで。",
"525","34.25785","134.03705","浅野こども園","高松市香川町浅野816-1","玄関内側","087-889-2416","月火水木金土","7:30","19:00","開所日のみ。土曜日は17:00まで。",
"526","34.35845","13409898","高松市屋島山上交流拠点施設","高松市屋島東町1784番地6","受付裏の事務室","087-802-8466","月水木金土日","9:00","17:00","金・土・祝日前日は21:00まで。","有"
"527","34.36006","134.06504","高松市朝日新町学校給食センター","高松市朝日新町26-25","2階事務室","087-811-6300","月火水木金","8:30","17:30","12/29～1/3を除く",
"528","34.29596","134.07861","高松市六条町学校給食センター","高松市六条町700","2階事務室前","087-865-1060","月火水木金","8:30","17:30","12/29～1/3を除く",
