"#property","latitude","longitude","name","address","telephoneNumber","referenceObject","note","availableDate","startTime","endTime","availableDateNote"
"1","34.26198583","134.06850583","高松市南部運動場","高松市三谷町3125-4","087-888-5507","http://www.taka-spo.or.jp/nan1.html",,"月水木金土日","09:00","17:00","6～8月は19:00まで"
"2","34.37425306","133.94031083","高松市亀水運動センター","高松市亀水町458-1","087-881-0182","http://www.taka-spo.or.jp/tar4.html",,"月水木金土日","09:00","17:00","6～8月は19:00まで"
"3","34.31016833","133.98070889","高松市西部運動センター","高松市鬼無町鬼無10-2","087-885-3344","http://www.taka-spo.or.jp/sei3.html",,"月水木金土日","09:00","21:00","第１グランドは17:00（6～8月は19:00）まで、第２グラウンドは21:00まで"
"4","34.15590139","134.07456167","高松市内場池運動センター","高松市塩江町上西乙688-1地先","087-879-8000","http://www.taka-spo.or.jp/nai1.html",,"火水木金土日","09:00","17:00",
"5","34.17599472","134.08072833","高松市ホタルと文化の里運動場","高松市塩江町安原上602","087-879-8000","http://www.taka-spo.or.jp/htr1.html",,"火水木金土日","09:00","21:00",
"6","34.26518194","134.01672472","高松市香川町大野河川敷運動場","高松市香川町大野2606地先","087-879-8000",,,"月火水木金土日","09:00","17:00","6～8月は19:00まで"
"7","34.25387056","134.020175","高松市香南町吉光河川敷運動場","高松市香南町吉光735地先","087-885-4611",,,"月火水木金土日","09:00","17:00","6～8月は19:00まで"
"8","34.32885611","134.12276722","高松市立東部運動公園","高松市高松町963-2","087-843-9446","http://www.taka-spo.or.jp/tou1.html",,"月水木金土日","09:00","21:00",
"9","34.2213369","134.0334246","高松市立りんくうスポーツ公園","高松市香南町岡87番地1","087-879-8000","http://www.taka-spo.or.jp/rinkuu1.html",,"火水木金土日","09:00","21:00",
