#LINK,,,,,,,,,,
#lang,ja,,,,,,,,,
#attribution_name,高松市,,,,,,,,,
#license,http://creativecommons.org/licenses/by/3.0/deed.ja,,,,,,,,,
#file_name,0002,,,,,,,,,
#download_from,https://opendata.smartcity-takamatsu.jp/ckan/dataset/aed_location,,,,,,,,,
#property,name,address,installationPosition,location,telephoneNumber,availableDate,startTime,endTime,availableDateNote,equipmentForChildren
#object_type_xsd,string,string,string,string,string,string,string,string,string,string
#property_context,Assertion,Assertion,Assertion,Assertion,Assertion,Assertion,Assertion,Assertion,Assertion,Assertion
1,健康増進施設サラマンダーb,高松市番町１丁目10-16,セントラルクリニック　２階  セントラルクリニック　４階,"34.34092056,134.04522972",,,,,,
2,JRホテルクレメント高松,高松市浜ノ町1-1,１階ロビー,"34.35215833,134.04813444",,,,,,
3,イオン綾川ショッピングセンター,綾歌郡綾川町萱原822-1,1・2・3階各モール側・ジャスコサービスセンター・ジャスコ防災センター,"34.25197,133.93018694",,,,,,
4,コナミスポーツクラブ高松,高松市浜ノ町8-52,マシンジム入口,"34.350725,134.04472944",,,,,,
5,株式会社穴吹工務店,高松市藤塚町1丁目11-22,１階　エントランス,"34.33277167,134.04664639",,,,,,
6,高松ワシントンホテルプラザ,高松市瓦町1丁目2-3,２階　フロントカウンター,"34.34187056,134.05078472",,,,,,
7,コトデン瓦町駅,高松市常磐町1丁目3-1,瓦町駅改札口,"34.33888667,134.05259833",,,,,,
8,東横イン高松中新町,高松市中央町11-5,１階　ロビー,"34.33581306,134.04639361",,,,,,
9,イオン高松ショッピングセンター,高松市香西本町1-1,ジャスコ棟１階サービスカウンター・  モール棟１階インフォメーション・  １階防災センター,"34.35196583,134.00424389",,,,,,
10,ゆめタウン高松,高松市三条町６０８‐１,１階　中央サービスカウンター横,"34.31664056,134.04180444",,,,,,
11,四国旅客鉄道株式会社　高松駅,高松市浜ノ町１-２０,駅内コンコース,"34.35075,134.04682083",,,,,,
12,社団法人高松市医師会,高松市天神前4-14,会長室,"34.339207,134.045690",,,,,,
13,大和ハウス工業株式会社香川支店,高松市伏石町2089-1,１階　玄関,"34.31181861,134.05389361",,,,,,
14,社団法人香川県看護協会,高松市国分寺町国分152-4,看護研修センター　２階の事務室入口,"34.29968111,133.95618972",,,,,,
15,在宅ケアステーションみちしるべ,高松市太田下町3026-3,１階デイルーム　救急カート内,"34.30534444,134.05574917",,,,,,
16,東横イン　高松兵庫町,高松市兵庫町３-１,ホテル１階ロビー,"34.346545,134.04815972",,,,,,
17,高松丸亀町商店街振興組合　参番街東館,高松市丸亀町13-3,参番街東館1階,"34.344454,134.050378",,,,,,
18,リーガホテルゼスト高松株式会社,高松市古新町9-1,１階　フロント,"34.34545306,134.04881",,,,,,
19,株式会社　ユーミック,高松市新田町甲91-1,玄関,"34.33622806,134.10441889",,,,,,
20,道の駅源平の里むれ,高松市牟礼町原631-7　,物産棟（自販機内）,"34.33371528,134.15753417",087-845-6080,月水木金土日,09:00,17:00,12/31は9:00〜15:00,
21,高松丸亀町商店街振興組合　岩佐佛喜堂,高松市丸亀町10-3,丸亀町10−3　岩佐佛喜堂内,"34.343061,134.050127",,,,,,
22,ザ・ココナツウエルネスクラブ高松,高松市林町2018-1,１階　ラウンジ,"34.30703333,134.07269222",,,,,,
23,大和リース株式会社高松支店,高松市中新町11-1,アクア中新町ビル８階事務所内,"34.33692667,134.04727944",,,,,,
24,フィットネスクラブレフコゆめタウン高松店,高松市上天神町266,１階フロント前,"34.31444028,134.0402975",,,,,,
25,大東産業株式会社,高松市香西南町102-4,２階　事務所,"34.33725333,133.99672833",,,,,,
26,ジャパンスイミングスクール　三木校,木田郡三木町田中109-1,館内２階レストルーム,"34.26951667,134.12743306",,,,,,
27,ジャパンスイミングスクール　高松校,高松市新北町28-12,館内２階,"34.35457139,134.02478944",,,,,,
28,瀬戸内スイミングスクール　木太校,高松市木太町546,コーチ室,"34.31286889,134.0738975",,,,,,
29,瀬戸内スイミングスクール　屋島校,高松市屋島西町2020,コーチ室,"34.33887472,134.09623917",,,,,,
30,瀬戸内スイミングスクール　香川校,高松市香川町大野170-5,コーチ室,"34.26323194,134.03126111",,,,,,
31,旧高松テルサ,高松市屋島西町2366-3　,ロビー,"34.34665778,134.08516333",087-844-3511,月火水木金土日,09:00,22:00,12/29〜1/3及び臨時休業日を除く,
32,四国コカ・コーラボトリング株式,高松市春日町1378,本館　談話室,"34.33439222,134.09191361",,,,,,
33,屋島自動車学校,高松市春日町1304-3,校舎　２階ロビー,"34.33523917,134.09476139",,,,,,
34,フジグラン十川,高松市十川東町55-1,食料品館ＡＴＭコーナー横,"34.27183389,134.1095775",,,,,,
35,日通商事株式会社高松支店,高松市錦町二丁目6-3,正面玄関入口,"34.34730028,134.04153806",,,,,,
36,（株）タダノ,高松市新田町甲34,工場内１１棟南・南館２階,"34.33266722,134.09950278",,,,,,
37,株式会社　サニクリーン四国高松支店,高松市上林町500-3,受付カウンター,"34.29244889,134.06673167",,,,,,
38,四国警備保障株式会社,高松市六条町1197-1,正面入口カウンター上・右側,"34.3031175,134.08419694",,,,,,
39,ロイヤルケア高松アネックス,高松市福岡町四丁目28-17,１階ロビー,"34.33979639,134.06736944",,,,,,
40,ロイヤルケア高松,高松市福岡町四丁目28-27,１階ロビー,"34.33985194,134.06809417",,,,,,
41,東谷コミュニティセンター,高松市香川町東谷873-3,センター入口（正面右側）,"34.20457194,134.06165528",087-879-7997,月火水木金土日,09:00,22:00,日曜日は9：00〜17：00、12/29〜1/3を除く,有
42,川東コミュニティセンター,高松市香川町川東上1865-13,センター入口（正面右側）,"34.241528,134.034408",087-879-4215,月火水木金土日,09:00,22:00,日曜日は9：00〜17：00、12/29〜1/3を除く,有
43,鬼無コミュニティセンター,高松市鬼無町佐藤31-3,センター入口（正面右側）,"34.32707667,133.99327083",087-882-0875,月火水木金土日,09:00,22:00,日曜日は9：00〜17：00、12/29〜1/3を除く,有
44,浅野コミュニティセンター,高松市香川町浅野826-2,１階玄関ホール（正面右側靴箱の上）,"34.25664111,134.03570806",087-888-2537,月火水木金土日,09:00,22:00,日曜日は9：00〜17：00、12/29〜1/3を除く,有
45,国分寺北部コミュニティセンター,高松市国分寺町新居1840-6,センター玄関内（正面左側）,"34.30539583,133.96237306",087-874-5805,月火水木金土日,09:00,22:00,日曜日は9：00〜17：00、12/29〜1/3を除く,有
46,ホテルセカンドステージ,高松市塩江町上西乙1118-8,ホテル　ロビー,"34.16251667,134.07615472",,,,,,
47,湯遊しおのえ,高松市塩江町安原上東390-1,観光物産センターしおのえ南入口,"34.17026889,134.08201944",,,,,,
48,太田コミュニティセンター,高松市伏石町2071-16,正面入口,"34.30994222,134.0524725",087-867-1139,月火水木金土日,09:00,22:00,日曜日は9：00〜17：00、12/29〜1/3を除く,有
49,松島コミュニティセンター,高松市松福町二丁目15-24,階段上り口左側,"34.34022667,134.06502778",087-821-0435,月火水木金土日,09:00,22:00,日曜日は9：00〜17：00、12/29〜1/3を除く,有
50,花園コミュニティセンター,高松市観光通二丁目8-9,２階入口,"34.33607972,134.05686194",087-835-5398,月火水木金土日,09:00,22:00,日曜日は9：00〜17：00、12/29〜1/3を除く,有
51,築地コミュニティセンター,高松市築地町14-1,正面左側,"34.34130389,134.05679389",087-862-1166,月火水木金土日,09:00,22:00,日曜日は9：00〜17：00、12/29〜1/3を除く,有
52,新塩屋町コミュニティセンター,高松市城東町一丁目1-47,正面入口,"34.34741472,134.05595611",087-822-1066,月火水木金土日,09:00,22:00,日曜日は9：00〜17：00、12/29〜1/3を除く,有
53,四番丁コミュニティセンター,高松市番町二丁目3-5,正面入口,"34.34355083,134.04488778",087-851-8479,月火水木金土日,09:00,22:00,日曜日は9：00〜17：00、12/29〜1/3を除く,有
54,二番丁コミュニティセンター,高松市扇町二丁目8-7,正面入口,"34.34451167,134.03650806",087-822-3556,月火水木金土日,09:00,22:00,日曜日は9：00〜17：00、12/29〜1/3を除く,有
55,日新コミュニティセンター,高松市瀬戸内町22-9,階段踊り場,"34.3475725,134.03245556",087-834-9911,月火水木金土日,09:00,22:00,日曜日は9：00〜17：00、12/29〜1/3を除く,有
56,亀阜コミュニティセンター,高松市宮脇町一丁目6-18,正面入口,"34.33958444,134.03529167",087-834-0797,月火水木金土日,09:00,22:00,日曜日は9：00〜17：00、12/29〜1/3を除く,有
57,栗林コミュニティセンター,高松市栗林町三丁目2-12,階段踊り場,"34.32886944,134.04799917",087-835-5399,月火水木金土日,09:00,22:00,日曜日は9：00〜17：00、12/29〜1/3を除く,有
58,鶴尾コミュニティセンター,高松市田村町303-1,正面入口,"34.31382333,134.03022889",087-866-3176,月火水木金土日,09:00,22:00,日曜日は9：00〜17：00、12/29〜1/3を除く,有
59,太田中央コミュニティセンター,高松市松縄町1108-1,正面左側（靴箱の上）,"34.31384917,134.06407611",087-867-3396,月火水木金土日,09:00,22:00,日曜日は9：00〜17：00、12/29〜1/3を除く,有
60,太田南コミュニティセンター,高松市太田上町1045−2　,正面左側,"34.30185833,134.04128111",087-865-9947,月火水木金土日,09:00,22:00,日曜日は9：00〜17：00、12/29〜1/3を除く,有
61,木太コミュニティセンター,高松市木太町3480-2,１階エレベータの右側,"34.32624528,134.07670778",087-834-5547,月火水木金土日,09:00,22:00,日曜日は9：00〜17：00、12/29〜1/3を除く,有
62,木太南コミュニティセンター,高松市木太町1486,正面突き当たりトイレ入口周辺,"34.31924611,134.07618028",087-865-4273,月火水木金土日,09:00,22:00,日曜日は9：00〜17：00、12/29〜1/3を除く,有
63,木太北部コミュニティセンター,高松市木太町2603,正面右側,"34.33559694,134.07944333",087-831-9000,月火水木金土日,09:00,22:00,日曜日は9：00〜17：00、12/29〜1/3を除く,有
64,屋島コミュニティセンター,高松市屋島中町449-1,正面下駄箱横,"34.34371056,134.10129944",087-841-6927,月火水木金土日,09:00,22:00,日曜日は9：00〜17：00、12/29〜1/3を除く,有
65,屋島西コミュニティセンター,高松市屋島西町2483-2,正面突き当たりトイレ入口周辺,"34.35227583,134.08916139",087-843-2961,月火水木金土日,09:00,22:00,日曜日は9：00〜17：00、12/29〜1/3を除く,有
66,屋島東コミュニティセンター,高松市屋島東町928,正面入口,"34.35496778,134.11591722",087-841-9931,月火水木金土日,09:00,22:00,日曜日は9：00〜17：00、12/29〜1/3を除く,有
67,古高松コミュニティセンター,高松市高松町10−20　,正面突き当たりの右側（コミセン事務所周辺）,"34.33566417,134.10751306",087-841-6262,月火水木金土日,09:00,22:00,日曜日は9：00〜17：00、12/29〜1/3を除く,有
68,古高松南コミュニティセンター,高松市春日町782-2,正面右側,"34.32697333,134.09171194",087-841-2186,月火水木金土日,09:00,22:00,日曜日は9：00〜17：00、12/29〜1/3を除く,有
69,前田コミュニティセンター,高松市前田東町838,正面入口,"34.29657722,134.11259444",087-847-6168,月火水木金土日,09:00,22:00,日曜日は9：00〜17：00、12/29〜1/3を除く,
70,川添コミュニティセンター,高松市元山町136−4　,正面入口,"34.30697278,134.08946833",087-847-5979,月火水木金土日,09:00,22:00,日曜日は9：00〜17：00、12/29〜1/3を除く,有
71,林コミュニティセンター,高松市林町329-1,正面入口,"34.297703,134.076237",087-866-3405,月火水木金土日,09:00,22:00,日曜日は9：00〜17：00、12/29〜1/3を除く,有
72,三谷コミュニティセンター,高松市三谷町1201-1,正面右側,"34.27773167,134.06946722",087-889-4938,月火水木金土日,09:00,22:00,日曜日は9：00〜17：00、12/29〜1/3を除く,有
73,仏生山コミュニティセンター,高松市仏生山町乙45-4,正面右側,"34.27850556,134.04784528",087-889-4955,月火水木金土日,09:00,22:00,日曜日は9：00〜17：00、12/29〜1/3を除く,有
74,多肥コミュニティセンター,高松市多肥上町433-5,正面右側階段の上り口,"34.29044611,134.05146667",087-889-4956,月火水木金土日,09:00,22:00,日曜日は9：00〜17：00、12/29〜1/3を除く,有
75,一宮コミュニティセンター,高松市一宮町838−1　,正面入口,"34.29067333,134.02893556",087-886-4793,月火水木金土日,09:00,22:00,日曜日は9：00〜17：00、12/29〜1/3を除く,有
76,川岡コミュニティセンター,高松市川部町486-3,正面左側,"34.269160,134.009913",087-886-4963,月火水木金土日,09:00,22:00,日曜日は9：00〜17：00、12/29〜1/3を除く,有
77,円座コミュニティセンター,高松市円座町1622-1,正面右側,"34.28543722,134.00547111",087-886-4993,月火水木金土日,09:00,22:00,日曜日は9：00〜17：00、12/29〜1/3を除く,有
78,檀紙コミュニティセンター,高松市御厩町775-1,正面突き当たり階段の左側,"34.30092139,133.99466861",087-886-4955,月火水木金土日,09:00,22:00,日曜日は9：00〜17：00、12/29〜1/3を除く,有
79,弦打コミュニティセンター,高松市鶴市町356-3,正面右側,"34.32894333,134.00574194",087-882-0285,月火水木金土日,09:00,22:00,日曜日は9：00〜17：00、12/29〜1/3を除く,有
80,香西コミュニティセンター,高松市香西本町476-1,正面左側,"34.346941,133.996278",087-882-0294,月火水木金土日,09:00,22:00,日曜日は9：00〜17：00、12/29〜1/3を除く,
81,下笠居コミュニティセンター,高松市生島町353-１,正面入口,"34.35870861,133.96876639",087-882-0856,月火水木金土日,09:00,22:00,日曜日は9：00〜17：00、12/29〜1/3を除く,
82,女木コミュニティセンター,高松市女木町203-1,正面突き当たり階段近く,"34.39210389,134.0517525",087-873-0105,月火水木金土日,09:00,22:00,日曜日は9：00〜17：00、12/29〜1/3を除く,有
83,男木コミュニティセンター,高松市男木町134,正面突き当たり支所カウンターの下,"34.42207917,134.05478278",087-873-0002,月火水木金土日,09:00,22:00,日曜日は9：00〜17：00、12/29〜1/3を除く,有
84,川島コミュニティセンター,高松市川島本町191-2,正面右側,"34.27640667,134.08559333",087-848-0054,月火水木金土日,09:00,22:00,日曜日は9：00〜17：00、12/29〜1/3を除く,有
85,十河コミュニティセンター,高松市十川西町579-1,正面右側,"34.27361306,134.10510694",087-848-0166,月火水木金土日,09:00,22:00,日曜日は9：00〜17：00、12/29〜1/3を除く,有
86,東植田コミュニティセンター,高松市東植田町1825-1　,正面右側,"34.23821417,134.0990725",087-849-0104,月火水木金土日,09:00,22:00,日曜日は9：00〜17：00、12/29〜1/3を除く,
87,西植田コミュニティセンター,高松市西植田町2247-1,正面右側,"34.24028,134.07882694",087-849-0101,月火水木金土日,09:00,22:00,日曜日は9：00〜17：00、12/29〜1/3を除く,有
88,塩江コミュニティセンター,高松市塩江町安原下第2号1645,２階正面入口,"34.1963675,134.04155944",087-897-0137,月火水木金土日,09:00,22:00,日曜日は9：00〜17：00、12/29〜1/3を除く,有
89,庵治コミュニティセンター,高松市庵治町888-1,正面右側,"34.3853175,134.12994833",087-871-4162,月火水木金土日,09:00,22:00,日曜日は9：00〜17：00、12/29〜1/3を除く,有
90,大町コミュニティセンター,高松市牟礼町大町1463-2,正面入口,"34.33609278,134.14272944",087-870-1306,月火水木金土日,09:00,22:00,日曜日は9：00〜17：00、12/29〜1/3を除く,有
91,大野コミュニティセンター,高松市香川町大野1329-1,正面入口,"34.26717583,134.02466444",087-886-1960,月火水木金土日,09:00,22:00,日曜日は9：00〜17：00、12/29〜1/3を除く,有
92,香南コミュニティセンター,高松市香南町由佐1172,正面左側,"34.24015361,134.01254417",087-879-8993,月火水木金土日,09:00,22:00,日曜日は9：00〜17：00、12/29〜1/3を除く,有
93,国分寺南部コミュニティセンター,高松市国分寺町福家甲3106-3,正面右側和室前の廊下,"34.28410306,133.96101111",087-874-1116,月火水木金土日,09:00,22:00,日曜日は9：00〜17：00、12/29〜1/3を除く,有
94,牟礼コミュニティセンター,高松市牟礼町牟礼302-1,正面右側,"34.33782306,134.13914083",845-4111,月火水木金土日,09:00,22:00,日曜日は9：00〜17：00、12/29〜1/3を除く,
95,斎場公園,高松市福岡町四丁目35-41,事務所受付,"34.34079917,134.07344944",087-822-1917,月火水木金土日,08:30,17:15,友引、1/1を除く,有
96,やすらぎ苑,高松市香川町川内原2200,事務所受付,"34.2237425,134.05234111",087-839-1222,月火水木金土日,08:30,17:15,友引、1/1を除く,有
97,高松市役所　本庁舎,高松市番町一丁目8-5　,１階市民ホール,"34.34260028,134.04653667",087-839-2011,月火水木金,08:30,17:15,祝日、12/29〜1/3を除く,
99,国民健康保険女木診療所,高松市女木町112,,"34.39117556,134.05201222",087-873-0103,月火木金,10:30,14:00,,
100,国民健康保険男木診療所,高松市男木町134　,,"34.42218944,134.05475944",087-873-0003,月火木金,14:45,16:45,,
101,ふれあい福祉センター勝賀,高松市香西南町476−1　,１階ホール,"34.34211111,134.00072806",087-882-6951,月火水木金土,09:00,22:00,12/29〜1/3を除く。土曜及び祝日の終了時間は17:00。,
102,地域包括支援センターサブセンター一宮,高松市一宮町503-40　,入口（ことでん一宮ショッピングプラザ２階）,"34.28276278,134.02183361",087-885-4481,月火水木金,08:30,17:15,祝日、12/29〜1/3を除く,
104,地域包括支援センターサブセンター山田,高松市川島本町191-13　,正面入口,"34.27597056,134.08559472",087-848-6451,月火水木金,08:30,17:15,祝日、12/29〜1/3を除く,
105,ししまる館,高松市香南町横井857-1,正面入口,"34.24171722,134.00774722",087-879-0321,月火水木金土,09:30,18:00,12/29〜1/3を除く,有
106,前田幼稚園,高松市前田東町788-1,玄関,"34.29623,134.113875",087-847-6582,月火水木金,08:15,17:00,祝日を除く,有
107,川添幼稚園,高松市東山崎町601,職員室,"34.30677,134.09419028",087-847-6934,月火水木金,08:15,17:00,祝日、8/13〜15及び12/29〜1/3を除く,有
108,林こども園,高松市林町1405-4,職員室入口,"34.30152583,134.07511444",087-865-1676,月火水木金土,07:30,18:45,祝日、12/29〜1/3を除く。土曜日は17:00まで。,有
109,三渓幼稚園,高松市三谷町2316-2,職員室前廊下,"34.27597583,134.07028778",087-889-2514,月火水木金,08:15,17:00,祝日を除く,有
110,香西幼稚園,高松市香西西町59-1,職員室,"34.34585361,133.99668639",087-882-0161,月火水木金,08:15,17:00,祝日、8/13〜15及び12/29〜1/3を除く,有
111,一宮幼稚園,高松市一宮町1233-2,職員室,"34.29178694,134.02416639",087-886-3088,月火水木金,08:15,17:00,祝日、8/13〜15及び12/29〜1/3を除く,有
112,多肥幼稚園,高松市多肥上町990-2,職員室,"34.29239028,134.05167778",087-889-2513,月火水木金,08:15,17:00,祝日、8/13〜15及び12/29〜1/3を除く,有
113,川岡幼稚園,高松市川部町524-3,職員室,"34.2680975,134.00813528",087-885-0550,月火水木金,08:15,17:00,祝日を除く,有
114,円座幼稚園,高松市円座町125-2,職員室,"34.28574556,134.00316278",087-885-0846,月火水木金,08:15,17:00,祝日を除く,有
115,檀紙幼稚園,高松市御厩町776-1,職員室,"34.3009325,133.99511306",087-885-2595,月火水木金,08:15,17:00,祝日を除く,有
116,弦打幼稚園,高松市鶴市町306,玄関,"34.32770194,134.00505583",087-881-3563,月火水木金,08:15,17:00,祝日を除く,有
117,鬼無幼稚園,高松市鬼無町佐藤128-1,玄関,"34.32803778,133.99282361",087-881-4913,月火水木金,08:15,17:00,祝日を除く,有
118,木太幼稚園,高松市木太町3901-1,職員室,"34.32238167,134.07654417",087-833-8144,月火水木金,08:15,17:00,祝日を除く,有
119,山田幼稚園,高松市川島本町191-10,職員室,"34.27697056,134.08566139",087-848-1978,月火水木金,08:15,17:00,祝日を除く,有
120,春日幼稚園,高松市春日町744,職員室,"34.32575667,134.09132056",087-843-2767,月火水木金,08:15,17:00,祝日、8/13〜15及び12/29〜1/3を除く,有
121,木太北部幼稚園,高松市木太町2604-5,職員室,"34.33619139,134.07923778",087-862-1031,月火水木金,08:15,17:00,祝日を除く,有
122,栗山幼稚園,高松市牟礼町牟礼3028,職員室,"34.35041361,134.12670806",087-845-1646,月火水木金,08:15,17:00,祝日、8/13〜15及び12/29〜1/3を除く,有
123,田井幼稚園,高松市牟礼町牟礼1243-2,玄関,"34.34433611,134.13712417",,,,,休園中,有
124,大町幼稚園,高松市牟礼町大町605-1,職員室,"34.33987028,134.14835389",087-845-5718,月火水木金,08:15,17:00,祝日、8/13〜15及び12/29〜1/3を除く,有
125,大野幼稚園,高松市香川町大野1331-1,職員室,"34.2673425,134.02431167",087-886-5010,月火水木金,08:15,17:00,祝日を除く,有
126,浅野幼稚園,高松市香川町浅野3117,職員室,"34.26082139,134.04184361",087-889-2489,月火水木金,08:15,17:00,祝日、8/13〜15及び12/29〜1/3を除く,有
127,川東こども園,高松市香川町川東上1987-4,職員室入口,"34.23774333,134.03492",087-879-4602,月火水木金土,07:30,18:45,祝日、12/29〜1/3を除く。土曜日は17:00まで。,有
128,国分寺北部幼稚園,高松市国分寺町新居1870-2,保健室,"34.30697556,133.96347139",087-874-1155,月火水木金,08:15,17:00,祝日、8/13〜15及び12/29〜1/3を除く,有
129,国分寺南部幼稚園,高松市国分寺町福家甲3123-1,職員室,"34.285328,133.961085",087-874-1159,月火水木金,08:15,17:00,祝日、8/13〜15及び12/29〜1/3を除く,有
130,下笠居こども園,高松市生島町335,職員室,"34.35809194,133.96749139",087-882-2531,月火水木金土,07:30,19:00,祝日、12/29〜1/3を除く。土曜日は17:00まで。,有
131,香南こども園,高松市香南町横井865-1,職員室入口,"34.24204778,134.00574722",087-887-7876,月火水木金土,07:30,19:00,祝日、12/29〜1/3を除く。土曜日は17:00まで。,有
132,庵治こども園,高松市庵治町853-1,職員室,"34.38579333,134.13136556",087-871-2535,月火水木金土,07:30,18:45,祝日、12/29〜1/3を除く。土曜日は17:00まで。,有
133,塩江こども園,高松市塩江町安原下第1号887,職員室入口,"34.18851889,134.06128583",087-890-2022,月火水木金土,07:30,18:45,祝日、12/29〜1/3を除く。土曜日は17:00まで。,有
134,はらこども園,高松市牟礼町原570-1,職員室,"34.32863278,134.15596194",087-845-0234,月火水木金土,07:30,19:00,祝日、12/29〜1/3を除く。土曜日は17:00まで。,有
135,瀬戸内保育所,高松市瀬戸内町23-7,職員室入口,"34.34738083,134.03261944",087-861-5701,月火水木金土,07:30,19:00,開所日のみ。土曜日は17:00まで。,有
136,扇町保育所,高松市扇町一丁目24-17,玄関内側,"34.34586167,134.03865222",087-821-7629,月火水木金土,07:30,19:00,開所日のみ。土曜日は17:00まで。,有
137,宮脇保育所,高松市宮脇町二丁目10-63,職員室入口,"34.33263528,134.03609167",087-835-1636,月火水木金土,07:30,19:00,開所日のみ。土曜日は17:00まで。,有
138,松島保育所,高松市松島町三丁目13-6,職員室入口,"34.33503583,134.06889444",087-831-8066,月火水木金土,07:30,19:00,開所日のみ。土曜日は17:00まで。,有
139,福岡保育所,高松市福岡町三丁目31-3,正面入口,"34.34343194,134.07093",087-851-1206,月火水木金土,07:30,18:30,開所日のみ。土曜日は17:00まで。,有
140,桜町保育所,高松市桜町一丁目3-15,正面玄関入口,"34.33114139,134.05427917",087-834-3628,月火水木金土,07:30,19:00,開所日のみ。土曜日は17:00まで。,有
141,田村保育所,高松市鹿角町937,職員室,"34.30442444,134.02855722",087-866-0962,月火水木金土,07:30,18:30,開所日のみ。土曜日は17:00まで。,有
142,鶴尾保育所,高松市東ハゼ町19-8,玄関内側,"34.31882306,134.03816972",087-865-6342,月火水木金土,07:30,18:30,開所日のみ。土曜日は17:00まで。,有
143,太田保育所,高松市伏石町1062,職員室,"34.31305722,134.05172722",087-867-5741,月火水木金土,07:30,19:00,開所日のみ。土曜日は17:00まで。,有
144,木太保育所,高松市木太町3502,正面入口,"34.32449278,134.07724389",087-861-2650,月火水木金土,07:30,19:00,開所日のみ。土曜日は17:00まで。,有
145,古高松保育所,高松市高松町423-1,職員室入口,"34.330848,134.107636",087-841-9845,月火水木金土,07:30,19:00,開所日のみ。土曜日は17:00まで。,有
146,屋島こども園,高松市屋島西町1744-1,職員室,"34.34253556,134.09979972",087-841-9711,月火水木金土,07:30,18:45,祝日、12/29〜1/3を除く。土曜日は17:00まで。,有
147,下笠居西部保育所,高松市亀水町1424-2,職員室,"34.37226778,133.9461875",087-881-4710,月火水木金土,07:30,18:00,開所日のみ。土曜日は8:30〜12:30。,有
148,下笠居東部保育所,高松市植松町44-4,正面玄関入口,"34.35232361,133.98702611",087-881-4752,月火水木金土,07:45,18:30,開所日のみ。土曜日は17:00まで。,有
149,香西保育所,高松市香西西町57-9,職員室,"34.34519139,133.99691694",087-881-2328,月火水木金土,07:30,19:00,開所日のみ。土曜日は17:00まで。,有
150,弦打保育所,高松市鶴市町359-1,職員室,"34.32831,134.00550306",087-881-2552,月火水木金土,07:30,19:00,開所日のみ。土曜日は17:00まで。,有
151,鬼無保育所,高松市鬼無町佐藤41-1,職員室,"34.32779333,133.99357639",087-881-2844,月火水木金土,07:30,19:00,開所日のみ。土曜日は17:00まで。,有
152,三谷保育所,高松市三谷町1193-1,正面玄関入口,"34.27733111,134.07034889",087-889-0720,月火水木金土,07:45,18:30,開所日のみ。土曜日は17:00まで。,有
153,多肥保育所,高松市多肥上町424,職員室,"34.29127361,134.05115278",087-889-0475,月火水木金土,07:45,18:30,開所日のみ。土曜日は17:00まで。,有
155,川島保育所,高松市川島東町253-4,職員室入口,"34.27675667,134.09146361",087-848-0075,月火水木金土,07:30,19:00,開所日のみ。土曜日は17:00まで。,有
156,西植田保育所,高松市西植田町2350-1,職員室,"34.240055,134.07809944",087-849-0102,月火水木金土,07:30,18:30,開所日のみ。土曜日は13:30まで。,有
157,東植田保育所,高松市東植田町2023-1,職員室入口,"34.23989444,134.09786417",087-849-0082,月火水木金土,07:45,18:30,開所日のみ。土曜日は8:00〜17:00,有
158,大野保育所,高松市香川町大野1063-1,職員室入口,"34.26892278,134.0247975",087-886-9356,月火水木金土,07:30,19:00,開所日のみ。土曜日は17:00まで。,有
159,浅野保育所,高松市香川町浅野 816-1,玄関内側,"34.257921,134.036948",087-889-2416,月火水木金土,07:30,19:00,開所日のみ。土曜日は17:00まで。,有
160,川東南保育所,高松市香川町川内原574-56,職員室,"34.22948056,134.04048917",087-879-5784,月火水木金土,07:30,19:00,開所日のみ。土曜日は17:00まで。,有
161,国分寺北部保育所,高松市国分寺町新居1906-1,職員室,"34.30702,133.96425167",087-874-1487,月火水木金土,07:30,18:30,開所日のみ。土曜日は17:00まで。,有
162,国分寺南部保育所,高松市国分寺町福家甲3106-1,職員室入口,"34.28465083,133.9609375",087-874-1120,月火水木金土,07:30,18:30,開所日のみ。土曜日は17:00まで。,有
163,牟礼保育所,高松市牟礼町牟礼1978-1,正面玄関入口,"34.34594139,134.12690833",087-845-1647,月火水木金土,07:30,19:00,開所日のみ。土曜日は17:00まで。,有
165,高松市保健所,高松市桜町一丁目10-27　,正面入口、相談室１（貸出用）,"34.33049139,134.05262083",087-839-2860,月火水木金,08:30,17:15,祝日、12/29〜1/3を除く,
166,夜間急病診療所,高松市松島町一丁目16-20　,内科２診,"34.33927861,134.05951556",087-839-2299,月火水木金土日,19:30,23:30,,
167,高松市保健センター,高松市桜町一丁目9-12　,１階ロビー、３階廊下,"34.33038861,134.05179611",087-839-2363,月火水木金,08:30,17:15,祝日、12/29〜1/3を除く,
168,香川地域保健活動センター,高松市香川町浅野1256-1　,１階ロビー,"34.2507,134.0343",,月火水木金,08:30,17:15,祝日、12/29〜1/3を除く,
169,庵治地域保健活動センター,高松市庵治町978　,３階ほっとぴあん受付内,"34.38840056,134.12928444",087-870-3426,,,,利用不可,
170,国分寺地域保健活動センター,高松市国分寺町新居1180-1　,１階ロビー,"34.29569083,133.96479361",087-874-8200,月火水木金,08:30,17:15,祝日、12/29〜1/3を除く,
171,西部クリーンセンター,高松市川部町930-1,事務室入口,"34.26217611,134.01500139",087-885-2727,月火水木金,08:30,17:15,祝日、12/29〜1/3を除く,有
172,南部クリーンセンター,高松市塩江町安原下第3号2084-1,事務室入口,"34.19923333,134.0320875",087-890-2190,月火水木金,08:30,17:15,祝日、12/29〜1/3を除く,有
173,高松競輪場,高松市福岡町一丁目4-46　,中央スタンド　開催事務所、医務室、前売投票所,"34.34513722,134.0610975",087-851-5036,月火水木金土日,08:30,17:15,競輪非開催日は利用できない場合あり,有
174,中央卸売市場　水産物棟,高松市瀬戸内町30-5,守衛室,"34.34794306,134.02917111",087-862-3411,月火水木金土日,00:00,23:59,終日利用可能,有
175,中央卸売市場　青果棟,高松市瀬戸内町40-12,守衛室,"34.35130528,134.02936111",087-862-3411,月火水木金土日,00:00,23:59,終日利用可能,無
176,公設花き地方卸売市場　花き棟,高松市西町12-1,守衛室,"34.34741389,134.02654222",087-862-3411,月火水木金土日,00:00,23:59,終日利用可能,有
178,香南楽湯,高松市香南町横井997-2　,２階食堂前,"34.23945861,134.00725639",087-815-8585,月火水木金土日,10:00,23:00,第３水曜は休館,
179,高松市奥の湯温泉,高松市塩江町上西甲783-1,,"34.13038417,134.07516139",,,,,,
180,鬼が島おにの館,高松市女木町15-22,事務所受付,"34.38945694,134.05230528",087-873-0728,月火水木金土日,08:00,17:00,8/1〜8/20は8:00〜18:10,
181,高松市文化芸術ホール,高松市サンポート2−1　,１階楽屋警備室、２階管理事務室,"34.35252583,134.04737444",087-825-5000,月火水木金土日,06:30,23:30,12/29〜1/3を除く。２階管理事務室設置のものは8:30〜18:30,
182,高松国分寺ホール,高松市国分寺町新名430　,受付,"34.29604611,133.95950806",087-875-0162,火水木金土日,09:00,22:00,休館日以外利用可能。休館日：毎週月曜（月曜が祝日の場合は翌平日）及び12/29〜1/3,
183,玉藻公園,高松市玉藻町2-1　,陳列館、和舟乗船所（開園時）、西門料金所（閉園時）,"34.35020333,134.05156472",087-851-1521,月火水木金土日,,,開園時間中利用可,
184,石の民俗資料館,高松市牟礼町牟礼1810,エントランスホール（館出入口付近）,"34.35271028,134.13403806",087-845-8484,月火水木金土日,09:00,17:00,開館日のみ利用可,
185,四番丁スクエア（高松市埋蔵文化財センター）,高松市番町一丁目5-1,本館管理室横、体育館北入口横,"34.34377306,134.04579889",087-823-2714,月火水木金,08:30,17:15,祝日、12/29〜1/3を除く。体育館北入口横のものは学校跡地施設利用者のみ利用可,有
186,高松市総合体育館,高松市福岡町四丁目36−1　,第１競技場入口,"34.34199056,134.07412694",087-822-0211,月水木金土日,09:00,22:00,,
187,ヨット競技場,高松市浜ノ町67-1,医務室,"34.35193639,134.04204806",087-823-6099,月水木金土日,08:30,20:00,,
188,市民プール,高松市浜ノ町53-10,事務所,"34.35176389,134.03979917",087-822-5655,月火水木金土日,09:00,18:00,7/1〜8/31のみ,
189,福岡町プール,高松市福岡町三丁目33-24　,受付カウンター,"34.34291278,134.07262722",087-823-7227,月水木金土日,10:00,20:30,,
190,亀水運動センター,高松市亀水町458-1　,事務所入口,"34.37228167,133.94409861",087-881-0182,月水木金土日,09:00,22:00,,
191,西部運動センター,高松市鬼無町鬼無10-2　,入口ロビー,"34.30853528,133.98067028",087-885-3344,月水木金土日,09:00,22:00,,
192,かわなべスポーツセンター,高松市川部町932-7　,プールロビー,"34.26081306,134.01622889",087-885-4611,月水木金土日,09:00,22:00,,
193,仏生山公園温水プール,高松市仏生山町甲2654-1　,プールロビー,"34.27103972,134.04834833",087-888-5011,火水木金土日,13:00,20:30,土日は10:00〜20:30,
194,牟礼総合体育館,高松市牟礼町牟礼152-10　,ロビー,"34.34252806,134.14306528",087-845-7060,火水木金土日,09:00,22:00,,
195,香川総合体育館,高松市香川町川東下1917-1　,事務所横ロビー,"34.25499944,134.02794222",087-879-8000,火水木金土日,09:00,22:00,,
196,国分寺B&G海洋センター,高松市国分寺町新名2069-1　,ロビー,"34.27257361,133.94997917",087-874-4311,火水木金土日,09:00,22:00,,
197,国分寺はくちょう温泉,高松市国分寺町新名2213-1　,受付カウンター,"34.27155833,133.95077306",087-874-8900,火水木金土日,10:00,20:00,,
198,牟礼中央公園運動センター,高松市牟礼町原1019-8　,入口ロビー,"34.33684306,134.15340083",087-845-1563,月水木金土日,09:00,22:00,,
199,健康増進温浴施設「ループしおのえ」　　　　　　　　　　　　　　　　　　　　　　　　　　　　　　　　　,高松市塩江町安原下第3号2074−2　,プール監視室,"34.19758944,134.03359917",087-897-0781,月水木金土日,10:00,20:30,,
200,香南体育館,高松市香南町横井844-7,事務所,"34.24330306,134.006425",087-879-3136,火水木金土日,09:00,22:00,,
201,高松市牟礼町プール,高松市牟礼町大町678-2,事務所,"34.33837972,134.143525",087-845-7060,月火水木金土日,09:00,18:00,7/20〜8/24のみ,
202,高松市美術館,高松市紺屋町10−4　,正面入口,"34.34410639,134.04909861",087-823-1711,火水木金土日,09:30,17:00,月曜が祝日の場合は翌平日が休館,有
203,高松市塩江美術館,高松市塩江町安原上602,事務所内,"34.17550139,134.08163722",087-893-1800,火水木金土日,09:00,17:00,月曜が祝日の場合は翌平日が休館,有
204,中央駐車場,高松市番町一丁目11-22,監理事務所内,"34.34164278,134.04657667",087-862-2285,月火水木金土日,07:30,22:00,,
205,瓦町駅地下駐車場,高松市常磐町一丁目3-1,監理事務所内,"34.33872806,134.05221694",087-823-2585,月火水木金土日,07:30,22:00,,
206,高松市東部運動公園,高松市高松町1347-1,事務所,"34.32903,134.12459944",087-843-9446,月水木金土日,09:00,22:00,,
207,峰山公園,高松市峰山町1838-37,監理事務所内,"34.32983778,134.02652972",087-834-7297,月火水木金土日,08:30,17:00,12/29〜1/3を除く,
208,如意輪寺公園,高松市国分寺町国分2530-2,監理事務所内,"34.308125,133.95237722",087-875-1221,月水木金土日,09:00,19:00,3月・10月は18:00まで、11月〜2月は17:00まで。休園日以外利用可能。休園日：毎週火曜（火曜が祝日の場合は翌平日）及び12/29〜1/3,
209,高松市立みんなの病院,高松市仏生山町甲847-1,１階みんなのホール入口、２階Ａブロック外来、２階通院治療室、４階４Ｅ処置室、６階６Ｅスタッフステーション,"34.282855, 134.040625",,月火水木金,08:30,17:15,祝日、12/29〜1/3を除く。４階と６階のものは終日利用可能。,
210,高松市民病院塩江分院,高松市塩江町安原上東99−1　,正面入口,"34.17156278,134.08058806",087-893-0031,月火水木金,08:30,17:15,祝日、12/29〜1/3を除く,
211,新番丁小学校,高松市錦町二丁目14-1,体育館南側外側面南西扉の東側壁面,"34.34583944,134.04099361",087-851-1316,,,,学校開校日に随時,
212,亀阜小学校,高松市亀岡町10-1,体育館外北側の壁,"34.33835611,134.04018167",087-861-2013,,,,学校開校日に随時,
213,栗林小学校,高松市栗林町二丁目10-7,体育館入口、保健室横運動場入口の外側壁面,"34.33083306,134.05012111",087-861-3438,,,,学校開校日に随時,
214,花園小学校,高松市花園町二丁目7-7,体育館南入口,"34.33364278,134.05724722",087-831-9129,,,,学校開校日に随時,
215,高松第一小学校,高松市松島町二丁目14-5,校舎内１階応接室向い壁面,"34.33868806,134.06216972",087-832-0611,,,,学校開校日に随時,
216,鶴尾小学校,高松市松並町636-1,体育館外靴箱ホール,"34.31556472,134.02853472",087-867-2564,,,,学校開校日に随時,
217,太田小学校,高松市伏石町845-1,中館東面ポストの右側,"34.31264111,134.05208833",087-865-4433,,,,学校開校日に随時,
218,木太小学校,高松市木太町3480-1,体育館西側、本館２階職員室前廊下,"34.32505639,134.07648556",087-861-6337,,,,学校開校日に随時,
219,古高松小学校,高松市高松町398,体育館靴箱付近,"34.33228972,134.10677444",087-841-9204,,,,学校開校日に随時,
220,屋島小学校,高松市屋島西町1205-1,南館１階郵便箱の下,"34.34725583,134.10034",087-841-1538,,,,学校開校日に随時,
221,前田小学校,高松市前田東町819-3,体育館入口外靴箱,"34.29588,134.11301944",087-847-6562,,,,学校開校日に随時,
222,川添小学校,高松市東山崎町207-1,体育館西入口、南棟１階運動場側,"34.30636028,134.09297722",087-847-6055,,,,学校開校日に随時,
223,林小学校,高松市林町1108-1,体育館入口、運動場屋外トイレ入口付近,"34.30124583,134.06972028",087-865-6250,,,,学校開校日に随時,
224,三渓小学校,高松市三谷町2173-1,体育館西側入口,"34.27371639,134.06888139",087-889-0767,,,,学校開校日に随時,
225,仏生山小学校,高松市仏生山町甲2461,体育館入口、保健室廊下,"34.27440972,134.04781139",087-889-0549,,,,学校開校日に随時,
226,香西小学校,高松市香西南町703-1,体育館西側入口付近の柱,"34.34510306,133.99781944",087-881-3214,,,,学校開校日に随時,
227,一宮小学校,高松市一宮町672-1,体育館東側,"34.29109667,134.02436417",087-885-1764,,,,学校開校日に随時,
228,多肥小学校,高松市多肥上町902-2,体育館前ピロティ、新運動場体育倉庫壁面,"34.29205278,134.05261389",087-889-0537,,,,学校開校日に随時,
229,川岡小学校,高松市川部町1552,体育館北入口,"34.26745111,134.00721139",087-885-1253,,,,学校開校日に随時,
230,円座小学校,高松市円座町1630-2,体育館西側外壁,"34.28472694,134.00422583",087-885-2542,,,,学校開校日に随時,
231,檀紙小学校,香川県高松市御厩町816,職員玄関靴箱の上,"34.30011306,133.99381611",087-885-1715,,,,学校開校日に随時,
232,弦打小学校,高松市鶴市町374-1,体育館入口靴箱、職員室,"34.32857722,134.00481833",087-881-3523,,,,学校開校日に随時,
233,鬼無小学校,高松市鬼無町佐藤607-1,体育館入口,"34.32700889,133.98848639",087-881-2413,,,,学校開校日に随時,
234,下笠居小学校,高松市生島町345,体育館西入口,"34.35812639,133.96813972",087-881-3188,,,,学校開校日に随時,
235,川島小学校,高松市川島東町864-1,体育館入口靴箱壁面,"34.27555806,134.08898833",087-848-0050,,,,学校開校日に随時,
236,十河小学校,高松市十川西町366-5,北館１階職員室通路壁面,"34.27470472,134.10240083",087-848-0319,,,,学校開校日に随時,
237,東植田小学校,高松市東植田町2008,校舎玄関,"34.23885389,134.09784083",087-849-0062,,,,学校開校日に随時,
238,植田小学校,高松市西植田町2337,体育館入口、玄関（脱靴場）,"34.23884139,134.07888833",087-849-0103,,,,学校開校日に随時,
239,中央小学校,高松市松縄町1138,体育館北側,"34.31173111,134.06270778",087-866-2944,,,,学校開校日に随時,
240,太田南小学校,高松市太田下町1823-1,体育館入口,"34.30589472,134.04424361",087-865-9395,,,,学校開校日に随時,
241,木太南小学校,高松市木太町1530-1,体育館東側通路外側壁面、運動場南側屋外トイレ入口,"34.32080417,134.07471944",087-866-7295,,,,学校開校日に随時,
242,古高松南小学校,高松市新田町甲2605,体育館外側壁面,"34.32686222,134.09864194",087-843-2467,,,,学校開校日に随時,
243,屋島東小学校,高松市屋島東町942-1,体育館東入口右側壁面,"34.35406417,134.11644333",087-843-8402,,,,学校開校日に随時,
244,屋島西小学校,高松市屋島西町2469,体育館北東入口前ピロティ、ピロティ,"34.351425,134.09044556",087-841-1063,,,,学校開校日に随時,
245,木太北部小学校,高松市木太町2613,体育館入口周辺外壁（ピロティ）,"34.33585028,134.0800075",087-831-4150,,,,学校開校日に随時,
246,上西小学校跡施設,高松市塩江町上西乙461,体育館西側壁面,"34.15254167,134.07643722",,月火水木金土日,00:00,23:59,通年利用可能,
247,塩江小学校跡施設,高松市塩江町 安原上東365,校舎玄関横,"34.17022472,134.08312972",,月火水木金土日,00:00,23:59,通年利用可能,
248,安原小学校跡施設,高松市塩江町安原下第２号1684,校舎南側,"34.19788667,134.04067278",,月火水木金土日,00:00,23:59,通年利用可能,
249,牟礼小学校,高松市牟礼町大町1560,体育館下トイレ壁面,"34.33645944,134.14152389",087-845-9239,,,,学校開校日に随時,
250,牟礼北小学校,高松市牟礼町牟礼2900−1,玄関（北東１階東端）,"34.35060306,134.12568667",087-845-5742,,,,学校開校日に随時,
251,牟礼南小学校,高松市牟礼町大町1115−1,体育館入口外,"34.33364722,134.15262472",087-845-9324,,,,学校開校日に随時,
252,庵治小学校,高松市庵治町790−1,体育館南側入口左側,"34.38494556,134.13116694",087-871-2581,,,,学校開校日に随時,
253,大野小学校,高松市香川町大野1045−1,体育館西側入口、プールの入口,"34.26699333,134.02642333",087-885-2165,,,,学校開校日に随時,
254,浅野小学校,高松市香川町浅野3088,体育館東側入口,"34.25909389,134.04109139",087-889-0215,,,,学校開校日に随時,
255,川東小学校,高松市香川町川東上1865−8,体育館１階ピロティの壁面（プール入口付近）,"34.24158111,134.03512667",087-879-2012,,,,学校開校日に随時,
256,香南小学校,高松市香南町横井1008,体育館入口外,"34.24150556,134.00897944",087-879-2269,,,,学校開校日に随時,
257,国分寺北部小学校,高松市国分寺町新居1880,体育館西入口,"34.30594222,133.9631825",087-874-1154,,,,学校開校日に随時,
258,国分寺南部小学校,高松市国分寺町福家甲3005,西館と本館の間の渡り廊下壁面,"34.28390778,133.96175778",087-874-1160,,,,学校開校日に随時,
259,日新小学校跡施設,高松市瀬戸内町18-2,体育館１階北側入口,"34.34753333,134.03003917",,月火水木金土日,00:00,23:59,通年利用可能,
260,築地小学校跡施設,高松市築地町14-1,体育館北側入口,"34.34119417,134.05680944",,月火水木金土日,00:00,23:59,通年利用可能,
261,桜町中学校,高松市桜町二丁目12-4,北校舎入口外、南館２階廊下,"34.32629222,134.05196583",087-861-1668,,,,学校開校日に随時,
262,紫雲中学校,高松市紫雲町8-25,１階校舎入口、事務室前、４階３年生職員室,"34.34065806,134.03364861",087-861-7144,,,,学校開校日に随時,
263,玉藻中学校,高松市上福岡町714-1,第２体育館入口,"34.33374472,134.06628833",087-861-8196,,,,学校開校日に随時,
264,高松第一中学校,高松市松島町二丁目14-5,体育館出入口西側の柱,"34.33872111,134.06241722",087-832-0311,,,,学校開校日に随時,
265,鶴尾中学校,高松市松並町639-1,体育館,"34.31553389,134.02682444",087-867-3382,,,,学校開校日に随時,
266,屋島中学校,高松市屋島中町295,玄関外側,"34.34105528,134.10488833",087-841-2236,,,,学校開校日に随時,
267,協和中学校,高松市元山町88-2,体育館入口の外、１．２年職員室,"34.30715861,134.08561444",087-867-5937,,,,学校開校日に随時,
268,龍雲中学校,高松市出作町331-2,体育館入口、職員室入口付近廊下側,"34.2826,134.05070889",087-889-0131,,,,学校開校日に随時,
269,勝賀中学校,高松市香西南町565,体育館外側壁面,"34.34212917,133.99962222",087-881-3141,,,,学校開校日に随時,
270,一宮中学校,高松市一宮町1185-1,本館１階南側壁面,"34.29281333,134.02536972",087-885-1664,,,,学校開校日に随時,
271,香東中学校,高松市円座町771,体育館、職員室西側廊下,"34.29503917,134.00963944",087-886-6580,,,,学校開校日に随時,
272,下笠居中学校,高松市生島町372-1,体育館外側壁面,"34.35732944,133.96664722",087-881-2621,,,,学校開校日に随時,
273,山田中学校,高松市川島東町1257-1,職員室入口、３階教師コーナー,"34.26714889,134.09260083",087-848-0071,,,,学校開校日に随時,
274,太田中学校,高松市太田下町1800,体育館正面入口付近外側,"34.30593222,134.04571417",087-866-1370,,,,学校開校日に随時,
275,古高松中学校,高松市新田町甲190-1,体育館前入口外側,"34.33201361,134.10291528",087-841-1577,,,,学校開校日に随時,
276,木太中学校,高松市木太町5059-3,体育館前入口外側,"34.31453083,134.06764694",087-866-5588,,,,学校開校日に随時,
277,塩江中学校,高松市塩江町安原上231-1,運動場側出入口壁面,"34.18143389,134.07422111",087-893-0032,,,,学校開校日に随時,
278,牟礼中学校,高松市牟礼町牟礼46-2,玄関外側,"34.33997333,134.14346583",087-845-9604,,,,学校開校日に随時,
279,庵治中学校,高松市庵治町691-1,南館１階保健室横外壁,"34.38399389,134.13097972",087-871-2716,,,,学校開校日に随時,
280,香川第一中学校,高松市香川町浅野1188,健心館入口柱、運動場、第３グラウンド部室棟内,"34.252875,134.03094",087-879-2131,,,,学校開校日に随時,
281,香南中学校,高松市香南町横井801,職員室玄関前,"34.24293278,134.00858417",087-879-2064,,,,学校開校日に随時,
282,国分寺中学校,高松市国分寺町新居1131−1,玄関外の壁、第２体育館正面玄関,"34.29750472,133.96405333",087-874-0031,,,,学校開校日に随時,
283,高松第一高等学校,高松市桜町二丁目5-10,校舎内,"34.32800556,134.05254889",087-861-0244,,,,学校開校日に随時,有
284,生涯学習センター,高松市片原町11-1,２階受付,"34.34546194,134.05345361",087-811-6222,火水木金土日,09:00,22:00,日・祝は17:00まで。休館日以外利用可能。休館日：毎週月曜（月曜が祝日の場合は翌平日）及び12/29〜1/3,有
285,中央図書館,高松市昭和町一丁目2-20　,１階中央カウンター,"34.34391444,134.03429444",087-861-4501,,,,会館時のみ利用可能,
286,総合教育センター,高松市末広町5,西棟入口前,"34.34404444,134.05634222",087-811-2161,月火水木金,08:30,17:15,祝日、12/29〜1/3を除く,
287,教育支援センター「みなみ」,高松市出作町348-6,入口前,"34.283171,134.049707",087-889-8900,月火水木金,08:30,17:15,祝日、12/29〜1/3を除く,
288,上下水道局,高松市番町一丁目10-14,,"34.34108167,134.04522417",,,,,,
289,御殿場浄水場,高松市鶴市町1360,,"34.33414583,134.01514917",,,,,,
290,浅野浄水場,高松市香川町浅野１１６１,,"34.25407361,134.03034278",,,,,,
291,川添浄水場,高松市東山崎町1331,,"34.30787,134.10058417",,,,,,
292,高松市上下水道工事業協同組合,高松市天神前５‐３０,自社ビル北側壁面,"34.34044333,134.04474861",,,,,,
293,株式会社　リバートップ,綾歌郡綾川町山田下3184−1,店舗入口,"34.22225833,133.95281889",,,,,,
294,綾川町社会福祉協議会小規模多機能型居宅介護綾川,綾歌郡綾川町羽床上788-1,一階事務所,"34.22494861,133.92925056",,,,,,
295,医療法人社団　綾上歯科診療所,綾歌郡綾川町山田下字久保3334番地2,院内１Ｆ診療室内,"34.22345556,133.95077167",,,,,,
296,滝宮天満宮,綾歌郡綾川町滝宮１３１４,神社お守授与所,"34.24901167,133.92026278",,,,,,
297,デイサービスセンター綾川,綾歌郡綾川町陶2691-1,入浴更衣室出入口,"34.25616139,133.95820639",,,,,,
298,有限会社　綾南交通,綾歌郡綾川町羽床下2312-1,建物南側自動販売機脇,"34.23798722,133.90429111",,,,,,
299,香川県農業協同組合綾坂地区営農センター,綾歌郡綾川町陶4742番地1,１階事務所,"34.24646194,133.94114056",,,,,,
300,綾川町B&G綾上海洋センター,綾歌郡綾川町3694-1,一階事務所,"34.21775139,133.94920028",,,,,,
301,ダイキ（株）ホームセンターダイキONE川島,高松市川島東町５０４,店舗サービスカウンター,"34.27706528,134.10064472",,,,,,
302,ダイキ（株）ホームセンターダイキ上福岡店,高松市上福岡町838-1,サービスカウンター,"34.33007083,134.06600583",,,,,,
303,ダイキ（株）ホームセンターダイキ牟礼店,高松市牟礼町牟礼1080,サービスカウンター,"34.34320056,134.13155944",,,,,,
304,ダイキ（株）ホームセンターダイキ香川店,高松市香川町大野76番地1,サービスカウンター,"34.26433194,134.03328667",,,,,,
305,ダイキ（株）ホームセンターダイキ香西店,高松市香西東町350-1,サービスカウンター,"34.34253861,134.00733611",,,,,,
306,ダイキ（株）ホームセンターダイキ水田店,高松市東山崎町291-1,サービスカウンター,"34.30069667,134.0928925",,,,,,
307,ダイキ（株）ホームセンターダイキ三木店,木田郡三木町大字氷上894番地,サービスカウンター,"34.26227833,134.13492361",,,,,,
308,柏原渓谷キャンプ村TaTuTaの森,綾歌郡綾川町枌所東3808番地,管理棟,"34.15981,133.98822222",,,,,,
309,綾川町もみじ温泉社会福祉センター,綾歌郡綾川町東分甲343番地3,トレーニングルーム,"34.21869139,133.95231028",,,,,,
310,香川町梅の里社会福祉センター,綾歌郡綾川町滝宮276番地,１階事務所,"34.24991167,133.92092944",,,,,,
311,綾川町立生涯学習センター,綾歌郡綾川町滝宮318,カウンター内,"34.24981583,133.92422361",,,,,,
312,綾川町立陶公民館,綾歌郡綾川町陶5866-1,公民館玄関付近,"34.25281639,133.95004917",,,,,,
313,綾川町立羽床公民館,綾歌郡綾川町羽床下2259番地2,公民館玄関付近,"34.23447806,133.9057075",,,,,,
314,綾川町立枌所公民館,綾歌郡綾川町枌所西2087-1,公民館玄関付近,"34.19815944,133.995275",,,,,,
315,綾川町立山田公民館,綾歌郡綾川町山田上甲1313-1,公民館玄関付近,"34.233805,133.97326139",,,,,,
316,綾川町立西分公民館,綾歌郡綾川町西分1377,公民館玄関付近,"34.20451694,133.95084472",,,,,,
317,綾川町立羽床上公民館,綾歌郡綾川町羽床上797番地,公民館玄関付近,"34.22414972,133.92903722",,,,,,
318,綾川町立昭和公民館,綾歌郡綾川町畑田2390-8,公民館玄関付近,"34.24719056,133.97818861",,,,,,
319,トレスタ白山,木田郡三木町大字下高岡972番地30,フロント、スケート場（冬）又はプール（夏）,"34.26804556,134.14873861",,,,,,
320,三木町老人福祉会館　あけぼの荘,木田郡三木町大字井上1966番地5,事務所,"34.2923525,134.13827583",,,,,,
321,三木町健康生きがい中核施設　サンサン館みき,木田郡三木町大字氷上2940番地1,事務所,"34.25329194,134.13519611",,,,,,
322,サンサン館みき三木町農村運動広場,木田郡三木町大字朝倉1441番地,トレーニングセンター玄関ホール,"34.23131861,134.12106861",,,,,,
323,三木町農村環境改善センター,木田郡三木町大字氷上370番地２,玄関ホール,"34.26846861,134.13475222",,,,,,
324,三木町文化交流プラザ,木田郡三木町大字鹿伏360番地,事務所,"34.27261056,134.13615694",,,,,,
325,ウォーキングセンター,木田郡三木町大字下高岡1459番地2,玄関靴箱上部,"34.26165583,134.14866528",,,,,,
326,まんでがんふれあいホーム,木田郡三木町大字田中1279番地,職員室,"34.2633075,134.124605",,,,,,
327,池戸商工センター,木田郡三木町大字池戸2340-1,エントランス,"34.27786361,134.121665",,,,,,
328,井戸公民館,木田郡三木町大字井戸2679-1,公民館玄関,"34.26504278,134.16273167",,,,,,
329,三木町地域交流センター,木田郡三木町大字氷上2871,事務所入口,"34.27250778,134.13634722",,,,,,
330,株式会社　幸燿,高松市田村町948番地,正面玄関ロビー,"34.31151694,134.03357889",,,,,,
331,市民交流プラザIKODE瓦町,高松市常磐町一丁目3-1　８階,受付カウンターの北側,"34.338877,134.052465",087-863-2888,月火水木金土日,10:00,21:00,,
332,男木保育所,高松市男木町165,職員室,"34.420017,134.056506",087-873-0614,月火水木金,09:00,16:00,開所日のみ,
333,男木小学校,高松市男木町165,靴箱外,"34.420094,134.056812",087-873-0506,,,,学校開校日に随時,
334,屋島陸上競技場,高松市屋島中町374-1,エントランスホール、事務所,"34.340395,134.101516",087-802-7350,月火水木金土日,09:00,21:00,12/29〜1/3を除く,
335,御山公園,高松市牟礼町牟礼1355-1,プレイセンター内,"34.346831,134.133861",087-845-5585,月水木金土日,09:00,22:00,休園日以外利用可能。休園日：毎週火曜（火曜が祝日の場合は翌平日）及び12/29〜1/3,
336,男木灯台資料館,高松市男木町1062-3,正面入口,"34.433492,134.060806",087-873-0001,日,09:00,16:30,日曜、祝日、7/1〜8/31のみ,有
337,庵治太鼓の鼻オートキャンプ場,高松市庵治町3220-1,管理棟男子トイレ前,"34.373124,134.160247",087-871-0025,月水木金土日,09:00,17:00,12/1〜2/末休館。キャンプ客がいるときは使用可能,有
338,純愛の聖地庵治・観光交流館,高松市庵治町5824-4,カフェカウンター,"34.390017,134.128508",087-871-1700,月水木金土日,09:00,17:00,,有
339,讃岐国分寺跡資料館,高松市国分寺町国分2177-1,受付カウンター後部のボックス,"34.302841,133.946768",087-874-8840,月水木金土日,09:00,16:30,開館日のみ利用可,有
340,高松市こども未来館,高松市松島町一丁目15-1,１階受付及び３階受付,"34.340097,134.059766",087-839-2571,月水木金土日,09:00,21:00,日・祝は17:00まで。3階受付は9:30〜17:00,有
341,吉光児童館,高松市香南町吉光349-1,玄関,"34.249437,134.014949",087-879-6041,火水木金土,09:00,17:00,12/29〜1/3を除く,
342,新居児童館,高松市国分寺町国分78-1,廊下,"34.299933,133.957815",087-874-3533,月火水木金土,09:00,17:00,12/29〜1/3を除く,
343,上天神文化センター,高松市上天神町152-1,事務室,"34.314045,134.036983",087-866-2494,月火水木金土,08:30,17:00,祝日、12/29〜1/3を除く。月・土は開館日のみ（第1･3土曜開館、その翌週月曜休館）,
344,田村文化センター,高松市田村町662-1,玄関,"34.305101,134.026647",087-867-6904,月火水木金土,08:30,17:00,祝日、12/29〜1/3を除く。月・土は開館日のみ（第1･3土曜開館、その翌週月曜休館）,
345,中川文化センター,高松市前田東町860-3,玄関,"34.297654,134.105890",087-847-5896,月火水木金土,08:30,17:00,祝日、12/29〜1/3を除く。月・土は開館日のみ（第1･3土曜開館、その翌週月曜休館）,
346,中原文化センター,高松市池田町391-7,玄関,"34.264114,134.082753",087-848-1090,月火水木金土,08:30,17:00,祝日、12/29〜1/3を除く。月・土は開館日のみ（第1･3土曜開館、その翌週月曜休館）,
347,吉光文化センター,高松市香南町由佐629,廊下,"34.247407,134.015321",087-879-6244,月火水木金土,08:30,17:00,祝日、12/29〜1/3を除く。月・土は開館日のみ（第1･3土曜開館、その翌週月曜休館）,
348,国分寺文化センター,高松市国分寺町新居1423-1,玄関,"34.299615,133.959229",087-874-4519,月火水木金土,08:30,17:00,祝日、12/29〜1/3を除く。月・土は開館日のみ（第1･3土曜開館、その翌週月曜休館）,
349,高松市環境業務センター,高松市木太町2282-1,正面入口,"34.338906,134.072161",087-834-0389,月火水木金,08:30,17:15,祝日、12/29〜1/3を除く,
350,高松駅南交通広場高速バスターミナル待合所,高松市浜ノ町1-33,待合所内,"34.350353,134.046568",,月火水木金土日,04:00,23:30,,
351,今里集会場,高松市今里町二丁目3-8,正面入口,"34.326263,134.061314",,,,,施設利用者のみ利用可能,
352,東部下水処理場,高松市屋島西町2366-6,管理棟玄関,"34.348969,134.085607",087-843-8580,月火水木金,06:00,22:00,祝日、12/29〜1/3を除く,
353,北消防署,高松市宮脇町一丁目2-34,救急事務所,"34.338767,134.038852",087-861-1551,月火水木金土日,00:00,23:59,終日利用可能,有
354,北消防署朝日分署,高松市朝日町二丁目1-39,正面入口,"34.347514,134.065023",087-822-1419,月火水木金土日,00:00,23:59,終日利用可能,有
355,南消防署,高松市多肥下町1530-16,受付,"34.303218,134.059234",087-815-0119,月火水木金土日,00:00,23:59,終日利用可能,有
356,南消防署香川分署,高松市香川町川東上947-1,受付,"34.233441,134.034643",087-879-4111,月火水木金土日,00:00,23:59,終日利用可能,有
357,東消防署,高松市新田町甲984-1,事務所,"34.326046,134.106041",087-843-5119,月火水木金土日,00:00,23:59,終日利用可能,有
358,東消防署牟礼分署,高松市牟礼町牟礼3720-328,事務所,"34.356451,134.123267",087-845-1255,月火水木金土日,00:00,23:59,終日利用可能,有
359,西消防署,高松市香西南町603-1,受付,"34.339380,133.997619",087-881-0119,月火水木金土日,00:00,23:59,終日利用可能,有
360,西消防署綾川分署,綾歌郡綾川町山田下1160-1,受付,"34.237125,133.946248",087-878-1111,月火水木金土日,00:00,23:59,終日利用可能,有
361,三木消防署,木田郡三木町氷上373-2,玄関ホール,"34.268597,134.135212",087-898-4119,月火水木金土日,00:00,23:59,終日利用可能,有
362,市民防災センター,高松市多肥下町1530-16,正面入口,"34.303218,134.059234",087-815-0126,火水木金土日,09:00,21:00,日曜は17:00まで。祝日の翌日及び12/29〜1/3を除く,有
363,高松市庵治支所,高松市庵治町6393-5,支所長席後方の棚の上,"34.384218,134.126579",087-845-2111,月火水木金,08:30,17:15,祝日、12/29〜1/3を除く,有
364,福岡会館,高松市福岡町三丁目31-18,事務室内,"34.343128,134.070883",087-822-5939,月火水木金土,09:00,21:00,祝日、12/29〜1/3を除く,有
365,高松市防災合同庁舎（危機管理センター）,高松市番町一丁目8-15,１階エントランスホール,"34.342884,134.045996",087-839-2255,月火水木金,08:30,17:15,祝日、12/29〜1/3を除く,有
366,香南歴史民俗郷土館,高松市香南町由佐253-1,受付カウンター後部のボックス,"34.239236,134.021642",087-861-4520,月火水木金土日,09:00,17:00,開館日のみ利用可,有
367,香川県農業試験場,綾歌郡綾川町北1534−1,香川県農業試験場　総務,"34.232024,133.935558",,,,,,
368,綾川町立滝宮公民館,綾歌郡綾川町滝宮297番地6,玄関入口,"34.250010,133.921634",,,,,,
369,蓮井歯科ファミリークリニック,木田郡三木町大字下高岡693−1,診療室,"34.266150,134.154376",,,,,,
370,JA香川県ふれあいセンター三木,木田郡三木町大字氷上364−1,店舗内壁面,"34.268443,134.136477",,,,,,
371,高齢者複合施設　ヌーベル三木,木田郡三木町大字上高岡1033−1,2Fスタッフステｰション内,"34.244547,134.142095",,,,,,
372,株式会社　たまや三木店,木田郡三木町大字池戸2839−1,ホール内カウンター,"34.271890,134.125695",,,,,,
373,特別養護老人ホーム　白山山荘,木田郡三木町大字下高岡2882−1,新館1Fフロア内,"34.274165,134.144548",,,,,,
374,平木コミュニティ会館,木田郡三木町大字平木26−1,事務所,"34.270536,134.131473",,,,,,
375,ダイナム　三木店,木田郡三木町大字氷上797,東側出入口　KIRIN自販機内設置,"34.262847,134.136367",,,,,,
376,社会福祉法人　朝日園,木田郡三木町大字池戸931−6,事務室,"34.294475,134.130254",,,,,,
377,高松信用金庫　三木支店,木田郡三木町大字平木22−2,三木支店内ロビー,"34.269585,134.131955",,,,,,
378,株式会社マルナカ三木店,木田郡三木町大字氷上482−2,エスカレーター横東側,"34.267287,134.138127",,,,,,
379,グループホーム　れんげハウス,木田郡三木町大字池戸高尾2074−5,東事務室,"34.287649,134.119979",,,,,,
380,田中公民館,木田郡三木町大字田中3841−1,エントランスホール,"34.245393,134.121832",,,,,,
381,神山公民館,木田郡三木町大字鹿庭1755−1,公民館廊下,"34.228068,134.155131",,,,,,
382,香川県青年センター,高松市国分寺町国分1009,本館事務所・体育館入口,"34.299320,133.942103",,,,,,
383,香川トヨタ自動車株式会社　ルｰト32中央店,高松市国分寺町福家甲1129−2,ショールーム入口付近,"34.265696,133.971307",,,,,,
384,宮本接骨院,高松市国分寺町新名692−1,施術室,"34.288973,133.961589",,,,,,
385,香川県農業協同組合ふれあいセンタｰ綾南店,綾歌郡綾川町陶4164番地1,事務所前,"34.253202,133.946296",,,,,,
387,（株）マルナカ三木店,三木町大字氷上482−2,,"34.267259, 134.138002",,,,,,
388,ＪＡ香川県ふれあいセンター三木店,木田郡三木町大字氷上364−1,,"34.268412, 134.136445",,,,,,
389,あやの歯科医院,木田郡三木町池戸２１８６−１,,"34.282025, 134.123495",,,,,,
390,グループホームれんげハウス,木田郡三木町大字池戸高尾2074−5,,"34.287603, 134.119936",,,,,,
391,ダイナム三木店,木田郡三木町大字氷上797,,"34.262882, 134.136531",,,,,,
392,ホテルマリンパレスさぬき,高松市福岡町二丁目３番４号,,"34.346792, 134.066031",,,,,,
393,リーガホテルゼスト高松株式会社ゼスト,高松市古新町9-1,,"34.345530, 134.048559",,,,,,
394,リコージャパン株式会社,高松市東ハゼ町９番地７,,"34.319608, 134.042605",,,,,,
395,阿部歯科医院,木田郡三木町池戸２８７８,,"34.274757, 134.124269",,,,,,
396,医療法人社団ささき歯科医院,木田郡三木町井戸２５７９−６,,"34.266092, 134.161240",,,,,,
397,医療法人社団審美会もり歯科矯正歯科医院,木田郡三木町池戸３２６７−４,,"34.278452, 134.120287",,,,,,
398,一般社団法人木田地区医師会,木田郡三木町大字池戸２９９１番地２,,"34.273239, 134.123122",,,,,,
399,岡沢歯科医院,木田郡三木町田中３７４４−２,,"34.248713, 134.123004",,,,,,
400,学校法人三木学園あおば幼稚園,木田郡三木町井戸２３９４,,"34.262939, 134.157972",,,,,,
401,株式会社サニクリーン四国高松支店,高松市上林町500-3,,"34.292477, 134.066683",,,,,,
402,株式会社たまや三木店,木田郡三木町大字池戸2839−1,,"34.271950, 134.125775",,,,,,
403,株式会社四電工,高松市花ノ宮町二丁目３番９号,,"34.325044, 134.048662",,,,,,
404,株式会社フジデリカ東四国工場,木田郡三木町井戸１２９３−１,,"34.251526, 134.163002",,,,,,
405,瓦町駅,高松市常磐町1丁目3-1,,"34.339157, 134.052393",,,,,,
406,香川県農業協同組合高松市太田支店,高松市伏石町２０４７−１,,"34.315603, 134.054671",,,,,,
407,香川県農業協同組合ふれあいセンター綾南店,綾歌郡綾川町陶4164番地1,,"34.253190, 133.946218",,,,,,
408,香川県立武道館,高松市福岡町一丁目５−５,,"34.347163, 134.063183",,,,,,
409,高松丸亀町商店街振興組合,高松市丸亀町13-3,,"34.344743, 134.050287",,,,,,
410,高松市かわなべスポーツセンター,高松市川部町９３２番地７,,"34.261212, 134.016313",,,,,,
411,高松市鬼無コミュニティセンター,高松市鬼無町佐藤31-3,,"34.327033, 133.993294",,,,,,
412,高松市亀水運動センター,高松市亀水町４５８番地１１,,"34.374166, 133.943701",,,,,,
413,高松市香南体育館,高松市香南町横井８４４番地７,,"34.243220, 134.006374",,,,,,
414,高松市国分寺橘ノ丘総合運動公園B＆G海洋センター,高松市国分寺町新名２０６９番地１,,"34.272648, 133.950029",,,,,,
415,高松市国分寺橘ノ丘総合運動公園はくちょう温泉,高松市国分寺町新名２２１３番地１,,"34.271423, 133.950885",,,,,,
416,高松市女木コミュニティセンター,高松市女木町２０３−１,,"34.392068, 134.051669",,,,,,
417,高松市西部運動センター,高松市鬼無町鬼無１０番地２,,"34.309545, 133.981877",,,,,,
418,高松市浅野コミュニティセンター,高松市香川町浅野826-2,,"34.256593, 134.035727",,,,,,
419,高松市築地コミュニティセンター,高松市築地町１４−１,,"34.341244, 134.056892",,,,,,
420,高松市福岡町プール,高松市福岡町三丁目３３番２４号,,"34.342918, 134.072705",,,,,,
421,高松市立仏生山公園温水プール,高松市仏生山町２６５４番地１,,"34.271143, 134.048345",,,,,,
422,高松信用金庫三木支店,木田郡三木町大字平木22−2,,"34.269618, 134.131882",,,,,,
423,高齢者複合施設ヌーベル三木,木田郡三木町大字上高岡1033−1,,"34.244548, 134.141917",,,,,,
424,三木町総合運動公園,木田郡三木町大字上高岡２５４４−３,,"34.238224, 134.145066",,,,,,
425,四国旅客鉄道株式会社高松駅,高松市浜ノ町１-２０,,"34.350932, 134.047032",,,,,,
426,社会福祉法人朝日園,木田郡三木町大字池戸931−6,,"34.294497, 134.130121",,,,,,
427,社会保険診療報酬支払基金香川支部,騠松市朝日町２丁目１７番３号,,"34.350298, 134.063999",,,,,,
428,損保ジャパン日本興亜株式会社,高松市中新町２−８,,"34.338042, 134.047475",,,,,,
429,大陽工機株式会社,綾歌郡綾川町滝宮２４５７−１,,"34.257298, 133.922363",,,,,,
430,東横イン高松兵庫町,高松市兵庫町３-１,,"34.346535, 134.048183",,,,,,
431,特別養護老人ホームみき山荘,木田郡三木町井戸３８番地１,,"34.240989, 134.156660",,,,,,
432,特別養護老人ホーム白山山荘,木田郡三木町大字下高岡2882−1,,"34.274096, 134.144450",,,,,,
433,有限会社綾南交通,綾歌郡綾川町羽床下２３１２−１,,"34.237955, 133.904048",,,,,,
434,ジャパンスイミングスクール高松校,高松市新北町28-12,,"34.354597, 134.024912",,,,,,
435,ジャパンスイミングスクール三木校,木田郡三木町田中109-1,,"34.269519, 134.127527",,,,,,
436,ホームセンターダイキＯＮＥ川島,高松市川島東町５０４番地,,"34.276808, 134.100859",,,,,,
437,ホームセンターダイキ香西店,高松市香西東町３５０−１,,"34.342567, 134.007501",,,,,,
438,ホームセンターダイキ香川店,高松市香川町大野７６番地１,,"34.264357, 134.033264",,,,,,
439,ホームセンターダイキ三木店,木田郡三木町大字氷上８９４番地,,"34.262313, 134.135030",,,,,,
440,ホームセンターダイキ上福岡店,高松市上福岡町８３８−１,,"34.329990, 134.065868",,,,,,
441,ホームセンターダイキ水田店,高松市東山崎町２９１−１,,"34.300614, 134.092895",,,,,,
442,ホームセンターダイキ牟礼店,高松市牟礼町牟礼１０１８,,"34.343206, 134.131677",,,,,,
443,ループしおのえ,高松市健康増進温浴施設,,"34.197803, 134.033567",,,,,,
444,綾川町梅の里社会福祉センター,綾歌郡綾川町滝宮２７６番地,,"34.249902, 133.920976",,,,,,
445,医療法人社団綾上歯科診療所,綾歌郡綾川町山田下字久保３３３４番地２,,"34.223473, 133.950825",,,,,,
446,株式会社アルファリビング高松紺屋町,高松市紺屋町５−３　あなぶきメディカルケア,,"34.344973, 134.046110",,,,,,
447,株式会社ユーミック,高松市新田町甲91-1,,"34.335947, 134.103492",,,,,,
448,株式会社リバートップ,綾歌郡綾川町山田下3184−1,,"34.222302, 133.952955",,,,,,
449,株式会社幸燿,高松市田村町９４８番地,,"34.311552, 134.033583",,,,,,
450,香川トヨタ自動車株式会社ルート32中央店,高松市国分寺町福家甲１１２９−２,,"34.265668, 133.971467",,,,,,
451,香川県園芸総合センター,高松市香南町岡１１６４−１,,"34.223429, 134.017527",,,,,,
452,香川県農場試験場,綾歌郡綾川町北1534−1,,"34.232002, 133.935635",,,,,,
453,高松テルサ,高松市屋島西町2366-1,,"34.346832, 134.085443",,,,,,
454,高松丸亀町商店街振興組合,高松市丸亀町13-2,,"34.344750, 134.050284",,,,,,
455,高松市国分寺北部コミュニティセンター,高松市国分寺町新居1840-6,,"34.305356, 133.962344",,,,,,
456,高松市上下水道工事協同組合,高松市天神前５番３０号,,"34.340465, 134.044737",,,,,,
457,高松市川東コミュニティセンター,高松市香川町川東上1865-13,,"34.241147, 134.034377",,,,,,
458,高松市東谷コミュニティセンター,高松市香川町東谷873-3,,"34.204613, 134.061727",,,,,,
459,三木町健康生きがい中核施設サンサン館みき,木田郡三木町大字氷上２９４０番地１,,"34.253371, 134.135111",,,,,,
460,三木町農村運動広場,木田郡三木町大字朝倉１４４１番地,,"34.231323, 134.121078",,,,,,
461,三木町老人福祉会館あけぼの荘,木田郡三木町大字井上１９６６番地５,,"34.292315, 134.138236",,,,,,
462,四国コカ・コーラボトリング株式会社,高松市春日町1378,,"34.334681, 134.092140",,,,,,
463,四電エンジニアリング株式会社,高松市上之町三丁目１番４号,,"34.324962, 134.051008",,,,,,
464,四電エンジニアリング株式会社技術開発センター,高松市林町２２１７−４,,"34.294461, 134.074744",,,,,,
465,社会福祉法人高松市社会福祉協議会香川支所,高松市香川町大野４５０番地,,"34.255984, 134.029103",,,,,,
466,社会福祉法人高松市社会福祉協議会香南支所,高松市香南町横井１０２８番地,,"34.239451, 134.007169",,,,,,
467,社会福祉法人高松市社会福祉協議会国分寺支所,高松市国分寺町新居１１５０番地１,,"34.297611, 133.965356",,,,,,
468,社会福祉法人高松市社会福祉協議会本所,高松市福岡町二丁目２４番１０号,,"34.344448, 134.064212",,,,,,
469,社会福祉法人高松市社会福祉協議会牟礼支所,高松市牟礼町牟礼２１６番地１,,"34.340286, 134.137202",,,,,,
470,出光興産株式会社高松油槽所,高松市朝日町四丁目２９−１,,"34.355095, 134.058876",,,,,,
471,瀬戸内スイミングスクール屋島校,高松市屋島西町2020,,"34.338911, 134.096353",,,,,,
472,瀬戸内スイミングスクール香川校,高松市香川町大野170-5,,"34.263267, 134.031124",,,,,,
473,瀬戸内スイミングスクール木太校,高松市木太町9区546,,"34.312907, 134.073873",,,,,,
474,創心会リハビリ倶楽部高松中央,高松市六条町１６８−３,,"34.299172, 134.089169",,,,,,
475,損害保険ジャパン日本興亜株式会社,高松市紺屋町１−６,,"34.344591, 134.049056",,,,,,
476,富士道路施設株式会社,高松市小村町３２８−２,,"34.285472, 134.097105",,,,,,
477,香川総合センター,高松市香川町川東上1865-13,正面入口,"34.241341,134.033989",087-879-3211,月火水木金,08:30,17:15,祝日、12/29〜1/3を除く,有
478,国分寺総合センター,高松市国分寺町新居1298,１階４番窓口,"34.297270,133.960302",087-874-1111,月火水木金,08:30,17:00,祝日、12/29〜1/3を除く,有
479,木太北部会館,高松市木太町2541-2,玄関横,"34.335657,134.078266",087-839-2273,月火水木金土,09:00,21:00,祝日、12/29〜1/3を除く,有
480,香南アグリーム,高松市香南町岡1270-13,正面入口横事務所内（１階）,"34.222514,134.019208",087-879-8741,月火木金土日,09:00,17:00,年末年始及び臨時休業日を除く,有
481,香東川浄化センター,高松市香西本町762,正面玄関,"34.356101,134.004216",087-842-5421,月火水木金,07:00,20:00,祝日、12/29〜1/3を除く,有
482,牟礼浄化苑,高松市牟礼町牟礼2633-3,正面玄関,"34.353068,134.121406",087-845-2269,月火水木金,07:30,19:00,祝日、12/29〜1/3を除く,有
483,塩江小学校,高松市塩江町安原上231-1,小学校校舎運動場出入口（屋外）西側壁面,"34.181489,134.074295",087-893-0171,,,,学校開校日に随時,
484,JSSセンコースイミングスクール,高松市鹿角町９０３−3,,"34.3030048,134.0288180",,,,,,
485,香川中央自動車学校,高松市東山崎町200−1,,"34.304334,134.092414",,,,,,
486,T・D・S高松自動車学校,高松市上天神町646番地,,"34.311370,134.035319",,,,,,
487,銀星自動車学校,高松市屋島西町2366番地8,,"34.335276,134.094734",,,,,,
488,ハッピードライビングスクール,高松市成合町931番地1,,"34.298808,134.013610",,,,,,
489,高松市牟礼総合体育館,高松市牟礼町152‐10,,"34.342474,134.143109",,,,,,
490,高松市ヨット競技場,高松市浜ノ町67−1,,"34.351981,134.042087",,,,,,
491,フィンズスイミングスクール栗林,高松市藤塚町3‐12‐8,,"34.333409,134.052296",,,,,,
492,フィンズスイミングスクール多肥,高松市多肥下町577‐1,,"34.300356,134.061843",,,,,,
493,高松市石の民俗資料館,高松市牟礼町1810,,"34.352697,134.134044",,,,,,
494,WAM オールアスリートステーション,高松市香川町浅野998番地,,"34.254515,134.034247",,,,,,
495,香川県総合運動公園,高松市生島町164,,"34.363510,133.959837",,,,,,
496,香川県立総合水泳プール,高松市御厩町1585‐1,,"34.308531,133.980654",,,,,,
497,さぬきこどもの国,高松市香南町由佐3209,,"34.212023,134.016963 ",,,,,,
498,株式会社フジ　フジ楠上店,高松市楠上町2‐3‐15,,"34.329787,134.056563",,,,,,
499,四国電力株式会社　本店,高松市丸の内2‐5,,"34.347794,134.050388",,,,,,
500,ピナクルジム,高松市下田井町372‐1,,"34.292150,134.091072",,,,,,
501,栗林コミュニティセンター,高松市栗林町3‐2‐12,,"34.328870,134.048007",,,,,,
502,高松空港株式会社,高松市香南町岡1312-7,,"34.219023,134.018408",,,,,,
503,香川県歯科医療専門学校,高松市錦町2-8-37,,"34.347299,134.043015",,,,,,
504,四国クリエイト協会,高松市福岡町3-11-22,,"34.345046,134.068793",,,,,,
505,在宅療養ネットワーク,高松市松島町2-12-8,,"34.338701,134.065245",,,,,,
506,かがやきの季　昭和町,高松市昭和町1-7-23　,,"34.342901,134.034859",,,,,,
507,障害者支援施設　ウインドヒル,高松市三谷町3851,,"34.255490,134.056435",,,,,,
508,プロスパークラブサンダ,高松市木太町2702-1,,"34.340076,134.083221",,,,,,
509,さきやまペットクリニック,高松市寺井町1106-4,,"34.278621,134.027285",,,,,,
510,オークラサービス株式会社　高松営業所,高松市太田下町2429-3,,"34.309216,134.048046",,,,,,
511,公渕森林公園,高松市東植田町1210-3,,"34.241305,134.104496",,,,,,
512,川西接骨院,高松市上ノ町1-1-16,,"34.322247,134.044789",,,,,,
513,フモト接骨院,高松市上福岡町2056-1,,"34.326532,134.062323",,,,,,
514,えのきど接骨院・鍼灸院,高松市東山崎町206-1　吉洸ビル1F,,"34.305122,134.092873",,,,,,
515,久保接骨院,高松市木太町3505-1,,"34.324536,134.078625",,,,,,
516,国方接骨院,高松市一宮町178-1,,"34.284441,134.028543",,,,,,
517,神騠接骨院,高松市御厩町483-7,,"34.305871,133.990154",,,,,,
518,石原接骨院,三木町池戸3313,,"34.278018,134.118229",,,,,,
519,香川県立川部みどり園,高松市川部町418,,"34.272998,134.008689",,,,,,
520,社会福祉法人　香川ボランティア協会,高松市田村町1151-1,,"34.305210,134.033023",,,,,,
