#property,latitude,longitude,name,address,telephoneNumber,referenceObject,note,availableDate,startTime,endTime,availableDateNote
2,34.34291278,134.07262722,高松市福岡町プール,高松市福岡町三丁目33-24,087-823-7227,http://www.taka-spo.or.jp/fup1.html,,月水木金土日,10:00,20:30,7～8月は全曜日利用可能
3,34.37395444,133.94382528,高松市亀水運動センター,高松市亀水町458-1,087-881-0182,http://www.taka-spo.or.jp/tar8.html,,月水木金土日,09:00,18:00,開設期間は７月20日から8月31日
4,34.26085167,134.01623778,高松市かわなべスポーツセンター,高松市川部町932-7,087-885-4611,http://www.taka-spo.or.jp/ssp4.html,,月水木金土日,13:00,20:30,7～8月は全曜日利用可能、土、日、祝日及び7～8月は10:00から20:30まで
5,34.19758944,134.03359917,高松市健康増進温浴施設,高松市塩江町安原下第3-2074-2,087-897-0781,https://www.loop-shionoe.jp/loop/htm/,,月水木金土日,10:00,20:30,
7,34.27103972,134.04834833,高松市立仏生山公園温水プール,高松市仏生山町甲2654-1,087-888-1503,http://www.taka-spo.or.jp/bup1.html,,火水木金土日,13:00,20:30,7～8月は全曜日利用可能、土、日、祝日及び7～8月は10:00から20:30まで
8,34.27234083,133.949585,高松市国分寺橘ノ丘総合運動公園,高松市国分寺町新名2069-1,087-874-4311,http://www.taka-spo.or.jp/bg5.html,,火水木金土日,10:00,21:00,開設期間は6～8月
